[
  {
    "model": "auth.user",
    "pk": 1,
    "fields": {
      "password": "user1pass",
      "last_login": "2023-01-10T22:49:30.603Z",
      "is_superuser": false,
      "username": "user1",
      "first_name": "User",
      "last_name": "1",
      "email": "user1@gmail.com",
      "is_staff": false,
      "is_active": true,
      "date_joined": "2018-07-09T19:45:29Z",
      "groups": [],
      "user_permissions": []
    }
  },
  {
    "model": "auth.user",
    "pk": 2,
    "fields": {
      "password": "user2pass",
      "last_login": "2023-01-10T22:49:30.603Z",
      "is_superuser": false,
      "username": "user2",
      "first_name": "User",
      "last_name": "2",
      "email": "user2@gmail.com",
      "is_staff": false,
      "is_active": true,
      "date_joined": "2018-07-09T19:45:29Z",
      "groups": [],
      "user_permissions": []
    }
  },
  {
    "model": "auth.user",
    "pk": 3,
    "fields": {
      "password": "user3pass",
      "last_login": "2023-01-10T22:49:30.603Z",
      "is_superuser": false,
      "username": "user3",
      "first_name": "User",
      "last_name": "3",
      "email": "user3@gmail.com",
      "is_staff": false,
      "is_active": true,
      "date_joined": "2018-07-09T19:45:29Z",
      "groups": [],
      "user_permissions": []
    }
  },
  {
    "model": "auth.user",
    "pk": 4,
    "fields": {
      "password": "user4pass",
      "last_login": "2023-01-10T22:49:30.603Z",
      "is_superuser": false,
      "username": "user4",
      "first_name": "User",
      "last_name": "4",
      "email": "user4@gmail.com",
      "is_staff": false,
      "is_active": true,
      "date_joined": "2018-07-09T19:45:29Z",
      "groups": [],
      "user_permissions": []
    }
  },
  {
    "model": "auth.user",
    "pk": 5,
    "fields": {
      "password": "user5pass",
      "last_login": "2023-01-10T22:49:30.603Z",
      "is_superuser": false,
      "username": "user5",
      "first_name": "User",
      "last_name": "4",
      "email": "user5@gmail.com",
      "is_staff": false,
      "is_active": true,
      "date_joined": "2018-07-09T19:45:29Z",
      "groups": [],
      "user_permissions": []
    }
  },
  {
    "model": "laboratory.organizationstructure",
    "pk": 1,
    "fields": {
      "parent": null,
      "name": "Organization 1",
      "position": 0,
      "level": 0,
      "rol": [
      ],
      "users": [
        1, 3
      ]
    }
  },
  {
    "model": "laboratory.organizationstructure",
    "pk": 2,
    "fields": {
      "parent": null,
      "name": "Organization 2",
      "position": 0,
      "level": 0,
      "rol": [
      ],
      "users": [
        2, 4
      ]
    }
  },
  {
    "model": "laboratory.organizationstructure",
    "pk": 3,
    "fields": {
      "parent": 1,
      "name": "Organization 3",
      "position": 1,
      "level": 1,
      "rol": [
      ],
      "users": []
    }
  },
  {
    "model": "laboratory.organizationstructure",
    "pk": 4,
    "fields": {
      "parent": 2,
      "name": "Organization 4",
      "position": 1,
      "level": 1,
      "rol": [
      ],
      "users": [5]
    }
  },
  {
    "model": "laboratory.organizationstructure",
    "pk": 5,
    "fields": {
      "parent": 3,
      "name": "Organization 5",
      "position": 2,
      "level": 1,
      "rol": [
      ],
      "users": []
    }
  },
  {
    "model": "laboratory.organizationstructure",
    "pk": 6,
    "fields": {
      "parent": 4,
      "name": "Organization 6",
      "position": 2,
      "level": 2,
      "rol": [
      ],
      "users": [5]
    }
  },
  {
    "model": "laboratory.organizationstructure",
    "pk": 7,
    "fields": {
      "parent": 6,
      "name": "Organization 7",
      "position": 3,
      "level": 3,
      "rol": [
      ],
      "users": [5]
    }
  },
  {
    "model": "laboratory.laboratory",
    "pk": 1,
    "fields": {
      "name": "Lab 1",
      "phone_number": "88888888",
      "location": "San José",
      "geolocation": "9.895804362670006,-84.4325435324",
      "email": "",
      "coordinator": "",
      "unit": "",
      "organization": 1,
      "creation_date": "2023-01-25T20:46:09.591Z",
      "last_update": "2023-01-25T20:46:09.591Z"
    }
  },
  {
    "model": "laboratory.laboratory",
    "pk": 2,
    "fields": {
      "name": "Lab 2",
      "phone_number": "44444444",
      "location": "San Miguel",
      "geolocation": "9.32442142332,-84.1552734375",
      "email": "",
      "coordinator": "",
      "unit": "",
      "organization": 2,
      "creation_date": "2023-01-25T20:46:09.591Z",
      "last_update": "2023-01-25T20:46:09.591Z"
    }
  },
  {
    "model": "laboratory.laboratory",
    "pk": 3,
    "fields": {
      "name": "Lab 3",
      "phone_number": "44444444",
      "location": "San Pedro",
      "geolocation": "9.32442142332,-84.1552734375",
      "email": "",
      "coordinator": "",
      "unit": "",
      "organization": 2,
      "creation_date": "2023-01-25T20:46:09.591Z",
      "last_update": "2023-01-25T20:46:09.591Z"
    }
  },
  {
    "model": "laboratory.laboratory",
    "pk": 4,
    "fields": {
      "name": "Lab 4",
      "phone_number": "44444444",
      "location": "San Pedro",
      "geolocation": "9.32442142332,-84.1552734375",
      "email": "",
      "coordinator": "",
      "unit": "",
      "organization": 1,
      "creation_date": "2023-01-25T20:46:09.591Z",
      "last_update": "2023-01-25T20:46:09.591Z"
    }
  },
  {
    "model": "auth_and_perms.rol",
    "pk": 1,
    "fields": {
      "name": "Puede ver el botón de laboratorio",
      "color": "#337193",
      "permissions": [
        [
          "view_laboratory",
          "laboratory",
          "laboratory"
        ]
      ]
    }
  },
  {
    "model": "auth_and_perms.rol",
    "pk": 2,
    "fields": {
      "name": "Puede un crear un reporte de laboratorio",
      "color": "#337193",
      "permissions": [
        [
          "do_report",
          "laboratory",
          "laboratory"
        ]
      ]
    }
  },
  {
    "model": "auth_and_perms.rol",
    "pk": 3,
    "fields": {
      "name": "Puede un ver zonas de riesgo",
      "color": "#337193",
      "permissions": [
        [
          "view_riskzone",
          "risk_management",
          "riskzone"
        ]
      ]
    }
  },
  {
    "model": "auth_and_perms.rol",
    "pk": 4,
    "fields": {
      "name": "Puede un ver formularios de reporte",
      "color": "#337193",
      "permissions": [
        [
          "view_customform",
          "derb",
          "customform"
        ]
      ]
    }
  },
  {
    "model": "auth_and_perms.rol",
    "pk": 5,
    "fields": {
      "name": "Puede un ver objetos msds",
      "color": "#337193",
      "permissions": [
        [
          "view_msdsobject",
          "msds",
          "msdsobject"
        ]
      ]
    }
  },
  {
    "model": "auth_and_perms.rol",
    "pk": 6,
    "fields": {
      "name": "Puede un ver substancias",
      "color": "#337193",
      "permissions": [
        [
          "view_substance",
          "sga",
          "substance"
        ]
      ]
    }
  },
  {
    "model": "auth_and_perms.rol",
    "pk": 7,
    "fields": {
      "name": "Puede gestionar desechos",
      "color": "#337193",
      "permissions": [
        [
          "can_manage_disposal",
          "laboratory",
          "shelf"
        ]
      ]
    }
  },
  {
    "model": "auth_and_perms.profile",
    "pk": 1,
    "fields": {
      "user": 1,
      "phone_number": "8888-8888",
      "id_card": "0-0000-0000",
      "job_position": "Administrator",
      "laboratories": []
    }
  },
  {
    "model": "auth_and_perms.profilepermission",
    "pk": 1,
    "fields": {
      "profile": 1,
      "content_type": [
      "laboratory",
      "organizationstructure"
      ],
      "object_id": 1,
      "rol": [
        1,
        2,
        3,
        4,
        5,
        6,
        7
      ]
    }
  },
  {
    "model": "auth_and_perms.profile",
    "pk": 2,
    "fields": {
      "user": 2,
      "phone_number": "7777-7777",
      "id_card": "0-0000-0000",
      "job_position": "Administrator",
      "laboratories": [
      ]
    }
  },
  {
    "model": "auth_and_perms.profilepermission",
    "pk": 2,
    "fields": {
      "profile": 2,
      "content_type": [
      "laboratory",
      "organizationstructure"
      ],
      "object_id": 1,
      "rol": [
        1,
        2,
        3,
        4,
        5,
        6,
        7
      ]
    }
  },
  {
    "model": "auth_and_perms.profile",
    "pk": 3,
    "fields": {
      "user": 3,
      "phone_number": "8888-8888",
      "id_card": "0-0000-0000",
      "job_position": "Administrator",
      "laboratories": []
    }
  },
  {
    "model": "auth_and_perms.profilepermission",
    "pk": 3,
    "fields": {
      "profile": 3,
      "content_type": [
      "laboratory",
      "organizationstructure"
      ],
      "object_id": 1,
      "rol": []
    }
  },
  {
    "model": "auth_and_perms.profile",
    "pk": 4,
    "fields": {
      "user": 4,
      "phone_number": "8888-8888",
      "id_card": "0-0000-0000",
      "job_position": "Administrator",
      "laboratories": []
    }
  },
  {
    "model": "auth_and_perms.profilepermission",
    "pk": 4,
    "fields": {
      "profile": 4,
      "content_type": [
      "laboratory",
      "organizationstructure"
      ],
      "object_id": 2,
      "rol": [
      ]
    }
  },
    {
    "model": "auth_and_perms.profile",
    "pk": 5,
    "fields": {
      "user": 5,
      "phone_number": "8888-8888",
      "id_card": "0-0000-0000",
      "job_position": "Administrator",
      "laboratories": []
    }
  },
  {
    "model": "auth_and_perms.profilepermission",
    "pk": 5,
    "fields": {
      "profile": 5,
      "content_type": [
      "laboratory",
      "organizationstructure"
      ],
      "object_id": 4,
      "rol": [
        1,
        2,
        3,
        4,
        5,
        6,
        7
      ]
    }
  },
  {
    "model": "laboratory.laboratoryroom",
    "pk": 1,
    "fields": {
      "name": "Sala de equipos de protección individual",
      "creation_date": "2023-01-25T20:46:09.591Z",
      "last_update": "2023-01-25T20:46:09.591Z",
      "laboratory": 1
    }
  },
  {
    "model": "laboratory.laboratoryroom",
    "pk": 2,
    "fields": {
      "name": "Sala de prácticas estudiantiles",
      "creation_date": "2023-01-25T20:46:09.591Z",
      "last_update": "2023-01-25T20:46:09.591Z",
      "laboratory": 2
    }
  },
  {
    "model": "laboratory.laboratoryroom",
    "pk": 3,
    "fields": {
      "name": "Sala de desechos",
      "creation_date": "2023-01-25T20:46:09.591Z",
      "last_update": "2023-01-25T20:46:09.591Z",
      "laboratory": 3
    }
  },
  {
    "model": "laboratory.laboratoryroom",
    "pk": 4,
    "fields": {
      "name": "Sala de desechos",
      "creation_date": "2023-01-25T20:46:09.591Z",
      "last_update": "2023-01-25T20:46:09.591Z",
      "laboratory": 4
    }
  },
  {
    "model": "laboratory.furniture",
    "pk": 1,
    "fields": {
      "labroom": 1,
      "name": "Mueble 1",
      "type": 75,
      "color": "#73879C",
      "dataconfig": "[[[1, 2]]]",
      "creation_date": "2023-01-31T19:33:49.008Z",
      "last_update": "2023-01-31T19:33:49.035Z"
    }
  },
  {
    "model": "laboratory.furniture",
    "pk": 2,
    "fields": {
      "labroom": 1,
      "name": "Mueble 2",
      "type": 75,
      "color": "#73879C",
      "dataconfig": "[[[3]]]",
      "creation_date": "2023-01-31T19:33:49.008Z",
      "last_update": "2023-01-31T19:33:49.035Z"
    }
  },
  {
    "model": "laboratory.furniture",
    "pk": 3,
    "fields": {
      "labroom": 2,
      "name": "Mueble 3",
      "type": 75,
      "color": "#73879C",
      "dataconfig": "[[[4]]]",
      "creation_date": "2023-01-31T19:33:49.008Z",
      "last_update": "2023-01-31T19:33:49.035Z"
    }
  },
  {
    "model": "laboratory.furniture",
    "pk": 4,
    "fields": {
      "labroom": 3,
      "name": "Mueble 4",
      "type": 75,
      "color": "#73879C",
      "dataconfig": "[[[5]]]",
      "creation_date": "2023-01-31T19:33:49.008Z",
      "last_update": "2023-01-31T19:33:49.035Z"
    }
  },
  {
    "model": "laboratory.furniture",
    "pk": 5,
    "fields": {
      "labroom": 4,
      "name": "Mueble 5",
      "type": 75,
      "color": "#73879C",
      "dataconfig": "[[[6]]]",
      "creation_date": "2023-01-31T19:33:49.008Z",
      "last_update": "2023-01-31T19:33:49.035Z"
    }
  },
  {
    "model": "laboratory.object",
    "pk": 1,
    "fields": {
      "organization": 1,
      "creation_date": "2023-01-10T22:48:14.125Z",
      "last_update": "2023-01-10T22:48:14.166Z",
      "created_by": 1,
      "code": "TA1000",
      "name": "Tanque 1000 mL",
      "synonym": null,
      "type": "0",
      "is_public": true,
      "description": "",
      "model": "",
      "serie": "",
      "plaque": "",
      "features": []
    }
  },
  {
    "model": "laboratory.object",
    "pk": 2,
    "fields": {
      "organization": 1,
      "creation_date": "2023-01-10T22:48:14.125Z",
      "last_update": "2023-01-10T22:48:14.166Z",
      "created_by": 1,
      "code": "TA1000",
      "name": "Tanque 1000 mL",
      "synonym": null,
      "type": "0",
      "is_public": true,
      "description": "",
      "model": "",
      "serie": "",
      "plaque": "",
      "features": []
    }
  },
  {
    "model": "laboratory.object",
    "pk": 3,
    "fields": {
      "organization": 1,
      "creation_date": "2023-01-10T22:48:14.125Z",
      "last_update": "2023-01-10T22:48:14.166Z",
      "created_by": 1,
      "code": "B1000",
      "name": "Botella 1000 mL",
      "synonym": null,
      "type": "1",
      "is_public": true,
      "description": "",
      "model": "",
      "serie": "",
      "plaque": "",
      "features": []
    }
  },
  {
    "model": "laboratory.shelf",
    "pk": 1,
    "fields": {
      "furniture": 1,
      "name": "Primer Estante",
      "container_shelf": null,
      "type": 75,
      "color": "#73879C",
      "creation_date": "2023-01-10T22:48:14.125Z",
      "last_update": "2023-01-31T19:33:49.035Z",
      "discard": false,
      "measurement_unit": 63,
      "quantity": 100,
      "limit_only_objects": false,
      "infinity_quantity": false
    }
  },
  {
    "model": "laboratory.shelf",
    "pk": 2,
    "fields": {
      "furniture": 1,
      "name": "Segundo Estante",
      "container_shelf": null,
      "type": 75,
      "color": "#73879C",
      "creation_date": "2023-01-10T22:48:14.125Z",
      "last_update": "2023-01-31T19:33:49.035Z",
      "discard": false,
      "measurement_unit": 63,
      "quantity": 100,
      "limit_only_objects": false,
      "infinity_quantity": false
    }
  },
  {
    "model": "laboratory.shelf",
    "pk": 3,
    "fields": {
      "furniture": 2,
      "name": "Tercer Estante",
      "container_shelf": null,
      "type": 75,
      "color": "#73879C",
      "creation_date": "2023-01-10T22:48:14.125Z",
      "last_update": "2023-01-31T19:33:49.035Z",
      "discard": false,
      "measurement_unit": 63,
      "quantity": 100,
      "limit_only_objects": false,
      "infinity_quantity": false
    }
  },
  {
    "model": "laboratory.shelf",
    "pk": 4,
    "fields": {
      "furniture": 3,
      "name": "Cuarto Estante",
      "container_shelf": null,
      "type": 75,
      "color": "#73879C",
      "creation_date": "2023-01-10T22:48:14.125Z",
      "last_update": "2023-01-31T19:33:49.035Z",
      "discard": false,
      "measurement_unit": 63,
      "quantity": 100,
      "limit_only_objects": false,
      "infinity_quantity": false
    }
  },
  {
    "model": "laboratory.shelf",
    "pk": 5,
    "fields": {
      "furniture": 4,
      "name": "Quinto Estante",
      "container_shelf": null,
      "type": 75,
      "color": "#73879C",
      "creation_date": "2023-01-10T22:48:14.125Z",
      "last_update": "2023-01-31T19:33:49.035Z",
      "discard": false,
      "measurement_unit": 63,
      "quantity": 100,
      "limit_only_objects": false,
      "infinity_quantity": false
    }
  },
  {
    "model": "laboratory.shelf",
    "pk": 6,
    "fields": {
      "furniture": 5,
      "name": "Sexto Estante",
      "container_shelf": null,
      "type": 75,
      "color": "#73879C",
      "creation_date": "2023-01-10T22:48:14.125Z",
      "last_update": "2023-01-31T19:33:49.035Z",
      "discard": false,
      "measurement_unit": 63,
      "quantity": 100,
      "limit_only_objects": false,
      "infinity_quantity": false
    }
  },
  {
    "model": "laboratory.shelfobject",
    "pk": 1,
    "fields": {
      "shelf": 1,
      "object": 1,
      "quantity": 23.0,
      "limit_quantity": 7.0,
      "in_where_laboratory": 1,
      "measurement_unit": 63,
      "marked_as_discard": false,
      "creation_date": "2023-01-31T19:33:49.240Z",
      "last_update": "2023-01-31T19:33:49.272Z"
    }
  },
  {
    "model": "laboratory.shelfobject",
    "pk": 2,
    "fields": {
      "shelf": 4,
      "object": 2,
      "quantity": 23.0,
      "limit_quantity": 7.0,
      "in_where_laboratory": 2,
      "measurement_unit": 63,
      "marked_as_discard": false,
      "creation_date": "2023-01-31T19:33:49.240Z",
      "last_update": "2023-01-31T19:33:49.272Z"
    }
  },
  {
    "model": "laboratory.shelfobject",
    "pk": 3,
    "fields": {
      "shelf": 5,
      "object": 2,
      "quantity": 23.0,
      "limit_quantity": 7.0,
      "in_where_laboratory": 3,
      "measurement_unit": 63,
      "marked_as_discard": false,
      "creation_date": "2023-01-31T19:33:49.240Z",
      "last_update": "2023-01-31T19:33:49.272Z"
    }
  },
  {
    "model": "laboratory.shelfobject",
    "pk": 4,
    "fields": {
      "shelf": 1,
      "object": 3,
      "quantity": 3.0,
      "limit_quantity": 5.0,
      "in_where_laboratory": 1,
      "measurement_unit": 64,
      "marked_as_discard": false,
      "creation_date": "2023-01-31T19:33:49.240Z",
      "last_update": "2023-01-31T19:33:49.272Z"
    }
  },
  {
    "model": "laboratory.shelfobject",
    "pk": 5,
    "fields": {
      "shelf": 6,
      "object": 3,
      "quantity": 3.0,
      "limit_quantity": 5.0,
      "in_where_laboratory": 1,
      "measurement_unit": 64,
      "marked_as_discard": false,
      "creation_date": "2023-01-31T19:33:49.240Z",
      "last_update": "2023-01-31T19:33:49.272Z"
    }
  }
]
