[
  {
    "model": "auth.user",
    "pk": 1,
    "fields": {
      "password": "adminpass",
      "last_login": "2023-01-10T22:49:30.603Z",
      "is_superuser": true,
      "username": "admin",
      "first_name": "Organilab",
      "last_name": "Admin",
      "email": "orgadmin@gmail.com",
      "is_staff": false,
      "is_active": true,
      "date_joined": "2018-07-09T19:45:29Z",
      "groups": [],
      "user_permissions": []
    }
  },
  {
    "model": "auth.user",
    "pk": 2,
    "fields": {
      "password": "renatapass",
      "last_login": "2023-01-10T22:49:30.603Z",
      "is_superuser": false,
      "username": "renatafg",
      "first_name": "Renata",
      "last_name": "Figueroa",
      "email": "renatafg@protonmail.com",
      "is_staff": false,
      "is_active": true,
      "date_joined": "2018-07-09T19:45:29Z",
      "groups": [],
      "user_permissions": []
    }
  },
  {
    "model": "auth.user",
    "pk": 3,
    "fields": {
      "password": "testuserwithoutperms",
      "last_login": "2023-01-10T22:49:30.603Z",
      "is_superuser": false,
      "username": "tuwp",
      "first_name": "Test",
      "last_name": "User",
      "email": "testuserwithoutperms@protonmail.com",
      "is_staff": false,
      "is_active": true,
      "date_joined": "2018-07-09T19:45:29Z",
      "groups": [],
      "user_permissions": []
    }
  },
  {
    "model": "auth_and_perms.rol",
    "pk": 1,
    "fields": {
      "name": "Gestión de Reporte de Incidentes",
      "color": "#337193",
      "permissions": [
        [
          "add_incidentreport",
          "risk_management",
          "incidentreport"
        ]
      ]
    }
  },
  {
    "model": "auth_and_perms.rol",
    "pk": 2,
    "fields": {
      "name": "Gestión de Informes",
      "color": "#337193",
      "permissions": [
        [
          "add_inform",
          "laboratory",
          "inform"
        ],
        [
          "change_inform",
          "laboratory",
          "inform"
        ],
        [
          "delete_inform",
          "laboratory",
          "inform"
        ],
        [
          "view_inform",
          "laboratory",
          "inform"
        ]
      ]
    }
  },
  {
    "model": "auth_and_perms.rol",
    "pk": 3,
    "fields": {
      "name": "Gestión de Estantes",
      "color": "#337193",
      "permissions": [
        [
          "add_shelf",
          "laboratory",
          "shelf"
        ],
        [
          "change_shelf",
          "laboratory",
          "shelf"
        ],
        [
          "delete_shelf",
          "laboratory",
          "shelf"
        ],
        [
          "view_shelf",
          "laboratory",
          "shelf"
        ]
      ]
    }
  },
  {
    "model": "auth_and_perms.rol",
    "pk": 4,
    "fields": {
      "name": "Gestión de Desechos",
      "color": "#337193",
      "permissions": [
        [
          "can_manage_disposal",
          "laboratory",
          "shelf"
        ],
        [
          "can_view_disposal",
          "laboratory",
          "shelf"
        ]
      ]
    }
  },
  {
    "model": "auth_and_perms.rol",
    "pk": 5,
    "fields": {
      "name": "Gestión de Muebles",
      "color": "#337193",
      "permissions": [
        [
          "add_furniture",
          "laboratory",
          "furniture"
        ],
        [
          "change_furniture",
          "laboratory",
          "furniture"
        ],
        [
          "delete_furniture",
          "laboratory",
          "furniture"
        ]
      ]
    }
  },
  {
    "model": "auth_and_perms.rol",
    "pk": 6,
    "fields": {
      "name": "Gestión de Proveedores",
      "color": "#337193",
      "permissions": [
        [
          "add_provider",
          "laboratory",
          "provider"
        ],
        [
          "change_provider",
          "laboratory",
          "provider"
        ],
        [
          "view_provider",
          "laboratory",
          "provider"
        ]
      ]
    }
  },
  {
    "model": "auth_and_perms.rol",
    "pk": 7,
    "fields": {
      "name": "Gestión de Usuarios",
      "color": "#337193",
      "permissions": [
        [
          "change_user",
          "auth",
          "user"
        ]
      ]
    }
  },
  {
    "model": "auth_and_perms.rol",
    "pk": 8,
    "fields": {
      "name": "Gestión de Objetos",
      "color": "#337193",
      "permissions": [
        [
          "add_object",
          "laboratory",
          "object"
        ],
        [
          "change_object",
          "laboratory",
          "object"
        ],
        [
          "delete_object",
          "laboratory",
          "object"
        ],
        [
          "view_object",
          "laboratory",
          "object"
        ]
      ]
    }
  },
  {
    "model": "auth_and_perms.rol",
    "pk": 9,
    "fields": {
      "name": "Gestión de Reportes",
      "color": "#337193",
      "permissions": [
        [
          "do_report",
          "laboratory",
          "laboratory"
        ],
        [
          "view_report",
          "laboratory",
          "laboratory"
        ]
      ]
    }
  },
  {
    "model": "auth_and_perms.rol",
    "pk": 10,
    "fields": {
      "name": "Gestión de Protocolos",
      "color": "#337193",
      "permissions": [
        [
          "add_protocol",
          "laboratory",
          "protocol"
        ],
        [
          "view_protocol",
          "laboratory",
          "protocol"
        ]
      ]
    }
  },
  {
    "model": "auth_and_perms.rol",
    "pk": 11,
    "fields": {
      "name": "Gestión de Perfiles",
      "color": "#337193",
      "permissions": [
        [
          "change_profile",
          "auth_and_perms",
          "profile"
        ],
        [
          "view_profile",
          "auth_and_perms",
          "profile"
        ]
      ]
    }
  },
  {
    "model": "auth_and_perms.rol",
    "pk": 12,
    "fields": {
      "name": "Gestión de Características de Objetos",
      "color": "#337193",
      "permissions": [
        [
          "add_objectfeatures",
          "laboratory",
          "objectfeatures"
        ],
        [
          "change_objectfeatures",
          "laboratory",
          "objectfeatures"
        ],
        [
          "delete_objectfeatures",
          "laboratory",
          "objectfeatures"
        ]
      ]
    }
  },
  {
    "model": "auth_and_perms.rol",
    "pk": 13,
    "fields": {
      "name": "Gestión de Laboratorio",
      "color": "#337193",
      "permissions": [
        [
          "add_laboratory",
          "laboratory",
          "laboratory"
        ],
        [
          "change_laboratory",
          "laboratory",
          "laboratory"
        ],
        [
          "delete_laboratory",
          "laboratory",
          "laboratory"
        ],
        [
          "view_laboratory",
          "laboratory",
          "laboratory"
        ]
      ]
    }
  },
  {
    "model": "auth_and_perms.rol",
    "pk": 14,
    "fields": {
      "name": "Gestión de Sala de Laboratorio",
      "color": "#337193",
      "permissions": [
        [
          "add_laboratoryroom",
          "laboratory",
          "laboratoryroom"
        ],
        [
          "change_laboratoryroom",
          "laboratory",
          "laboratoryroom"
        ],
        [
          "delete_laboratoryroom",
          "laboratory",
          "laboratoryroom"
        ],
        [
          "view_laboratoryroom",
          "laboratory",
          "laboratoryroom"
        ]
      ]
    }
  },
  {
    "model": "auth_and_perms.rol",
    "pk": 15,
    "fields": {
      "name": "Gestión de la Estructura de la Organización",
      "color": "#337193",
      "permissions": [
        [
          "add_organizationstructure",
          "laboratory",
          "organizationstructure"
        ],
        [
          "delete_organizationstructure",
          "laboratory",
          "organizationstructure"
        ],
        [
          "change_organizationstructure",
          "laboratory",
          "organizationstructure"
        ]
      ]
    }
  },
  {
    "model": "auth_and_perms.rol",
    "pk": 16,
    "fields": {
      "name": "Gestión de Objeto en el Estante",
      "color": "#337193",
      "permissions": [
        [
          "add_shelfobject",
          "laboratory",
          "shelfobject"
        ],
        [
          "change_shelfobject",
          "laboratory",
          "shelfobject"
        ],
        [
          "delete_shelfobject",
          "laboratory",
          "shelfobject"
        ],
        [
          "view_shelfobject",
          "laboratory",
          "shelfobject"
        ]
      ]
    }
  },
  {
    "model": "auth_and_perms.rol",
    "pk": 17,
    "fields": {
      "name": "Gestión de Transferencia de Objeto",
      "color": "#337193",
      "permissions": [
        [
          "add_tranferobject",
          "laboratory",
          "tranferobject"
        ],
        [
          "change_tranferobject",
          "laboratory",
          "tranferobject"
        ],
        [
          "delete_tranferobject",
          "laboratory",
          "tranferobject"
        ],
        [
          "view_tranferobject",
          "laboratory",
          "tranferobject"
        ]
      ]
    }
  },
  {
    "model": "auth_and_perms.rol",
    "pk": 18,
    "fields": {
      "name": "Gestión de Reserva de Productos",
      "color": "#337193",
      "permissions": [
        [
          "add_reservedproducts",
          "reservations_management",
          "reservedproducts"
        ]
      ]
    }
  },
  {
    "model": "auth_and_perms.rol",
    "pk": 19,
    "fields": {
      "name": "Gestión de Observaciones del Objeto en el Estante",
      "color": "#337193",
      "permissions": [
        [
          "add_shelfobjectobservation",
          "laboratory",
          "shelfobjectobservation"
        ],
        [
          "view_shelfobjectobservation",
          "laboratory",
          "shelfobjectobservation"
        ]
      ]
    }
  },
  {
    "model": "auth_and_perms.rol",
    "pk": 20,
    "fields": {
      "name": "Gestión de Catalogos",
      "color": "#337193",
      "permissions": [
        [
          "add_catalog",
          "laboratory",
          "catalog"
        ]
      ]
    }
  },
  {
    "model": "auth_and_perms.rol",
    "pk": 21,
    "fields": {
      "name": "Gestión de Agendador de Informes",
      "color": "#337193",
      "permissions": [
        [
          "add_informscheduler",
          "laboratory",
          "informscheduler"
        ],
        [
          "change_informscheduler",
          "laboratory",
          "informscheduler"
        ],
        [
          "view_informscheduler",
          "laboratory",
          "informscheduler"
        ]
      ]
    }
  },
  {
    "model": "auth_and_perms.rol",
    "pk": 22,
    "fields": {
      "name": "Gestión de Reservaciones",
      "color": "#337193",
      "permissions": [
        [
          "add_reservations",
          "reservations_management",
          "reservations"
        ]
      ]
    }
  },
  {
    "model": "laboratory.organizationstructure",
    "pk": 1,
    "fields": {
      "parent": null,
      "name": "Investigadores SA",
      "position": 1,
      "level": 1,
      "rol": [
        1,
        2,
        3,
        4,
        5,
        6,
        7,
        8,
        9,
        10,
        11,
        12,
        13,
        14,
        15,
        16,
        17,
        18,
        19,
        20,
        21,
        22
      ],
      "users": [
        1
      ]
    }
  },
  {
    "model": "laboratory.organizationstructure",
    "pk": 2,
    "fields": {
      "parent": null,
      "name": "Organization Testing",
      "position": 3,
      "level": 3,
      "rol": [
        1,
        2,
        3,
        4,
        5,
        6,
        7,
        8,
        9,
        10,
        11,
        12,
        13,
        14,
        15,
        16,
        17,
        18,
        19,
        20,
        21,
        22
      ],
      "users": [
        2
      ]
    }
  },
  {
    "model": "laboratory.organizationstructure",
    "pk": 3,
    "fields": {
      "parent": null,
      "name": "Org MK",
      "position": 3,
      "level": 3,
      "rol": [
        1,
        2,
        3,
        4,
        5,
        6,
        7,
        8,
        9,
        10,
        11,
        12,
        13,
        14,
        15,
        16,
        17,
        18,
        19,
        20,
        21,
        22
      ],
      "users": [
        1
      ]
    }
  },
  {
    "model": "laboratory.organizationstructure",
    "pk": 4,
    "fields": {
      "parent": null,
      "name": "Chec Org",
      "position": 4,
      "level": 4,
      "rol": [
        1,
        2,
        3,
        4,
        5,
        6,
        7,
        8,
        9,
        10,
        11,
        12,
        13,
        14,
        15,
        16,
        17,
        18,
        19,
        20,
        21,
        22
      ],
      "users": [
        1,
        2
      ]
    }
  },
  {
    "model": "laboratory.laboratory",
    "pk": 1,
    "fields": {
      "name": "Vick Lab",
      "phone_number": "85794954",
      "location": "San Antonio",
      "geolocation": "9.895804362670006,-84.1552734375",
      "email": "",
      "coordinator": "",
      "unit": "",
      "organization": 1,
      "creation_date": "2023-01-25T20:46:09.591Z",
      "last_update": "2023-01-25T20:46:09.591Z"
    }
  },
  {
    "model": "laboratory.laboratory",
    "pk": 2,
    "fields": {
      "name": "Lab Ultra",
      "phone_number": "22305678",
      "location": "Upala",
      "geolocation": "9.895804362670006,-84.1552734375",
      "email": "",
      "coordinator": "",
      "unit": "",
      "organization": 1,
      "creation_date": "2023-01-25T20:46:09.591Z",
      "last_update": "2023-01-25T20:46:09.591Z"
    }
  },
  {
    "model": "laboratory.laboratory",
    "pk": 3,
    "fields": {
      "name": "DS Cosme",
      "phone_number": "22305678",
      "location": "Upala",
      "geolocation": "9.895804362670006,-84.1552734375",
      "email": "",
      "coordinator": "",
      "unit": "",
      "organization": 1,
      "creation_date": "2023-01-25T20:46:09.591Z",
      "last_update": "2023-01-25T20:46:09.591Z"
    }
  },
  {
    "model": "laboratory.organizationstructurerelations",
    "pk": 1,
    "fields": {
      "organization": 1,
      "content_type": [
        "laboratory",
        "laboratory"
      ],
      "object_id": 1
    }
  },
  {
    "model": "laboratory.organizationstructurerelations",
    "pk": 2,
    "fields": {
      "organization": 1,
      "content_type": [
        "laboratory",
        "laboratory"
      ],
      "object_id": 2
    }
  },
  {
    "model": "laboratory.organizationstructurerelations",
    "pk": 3,
    "fields": {
      "organization": 3,
      "content_type": [
        "laboratory",
        "laboratory"
      ],
      "object_id": 1
    }
  },
  {
    "model": "laboratory.organizationstructurerelations",
    "pk": 4,
    "fields": {
      "organization": 4,
      "content_type": [
        "laboratory",
        "laboratory"
      ],
      "object_id": 1
    }
  },
  {
    "model": "laboratory.laboratoryroom",
    "pk": 1,
    "fields": {
      "name": "Sala de inventario",
      "creation_date": "2023-01-25T20:46:09.591Z",
      "last_update": "2023-01-25T20:46:09.591Z",
      "laboratory": 1
    }
  },
  {
    "model": "laboratory.laboratoryroom",
    "pk": 2,
    "fields": {
      "name": "Sala de muestras",
      "creation_date": "2023-01-25T20:46:09.591Z",
      "last_update": "2023-01-25T20:46:09.591Z",
      "laboratory": 1
    }
  },
  {
    "model": "laboratory.laboratoryroom",
    "pk": 3,
    "fields": {
      "name": "Sala de equipos de protección individual",
      "creation_date": "2023-01-25T20:46:09.591Z",
      "last_update": "2023-01-25T20:46:09.591Z",
      "laboratory": 2
    }
  },
  {
    "model": "auth_and_perms.profile",
    "pk": 1,
    "fields": {
      "user": 1,
      "phone_number": "8888-8888",
      "id_card": "0-0000-0000",
      "job_position": "Administrator",
      "language": "es",
      "laboratories": [
        1,
        2
      ]
    }
  },
  {
    "model": "auth_and_perms.profile",
    "pk": 2,
    "fields": {
      "user": 2,
      "phone_number": "7777-7777",
      "id_card": "1-1111-1111",
      "job_position": "Profesional Technician",
      "language": "es",
      "laboratories": [
        1,
        2
      ]
    }
  },
  {
    "model": "auth_and_perms.profile",
    "pk": 3,
    "fields": {
      "user": 3,
      "phone_number": "9999-9999",
      "id_card": "1-1111-1111",
      "job_position": "No perms",
      "language": "es",
      "laboratories": [
        1,
        2
      ]
    }
  },
    {
    "model": "laboratory.furniture",
    "pk": 1,
    "fields": {
      "labroom": 1,
      "name": "Mueble 1",
      "type": 75,
      "color": "#73879C",
      "dataconfig": "",
      "creation_date": "2023-01-31T19:33:49.008Z",
      "last_update": "2023-01-31T19:33:49.035Z"
    }
  },
  {
    "model": "laboratory.furniture",
    "pk": 2,
    "fields": {
      "labroom": 1,
      "name": "Mueble 2",
      "type": 75,
      "color": "#73879C",
      "dataconfig": "[[[1]]]",
      "creation_date": "2023-01-31T19:33:49.008Z",
      "last_update": "2023-01-31T19:33:49.035Z"
    }
  },
    {
    "model": "laboratory.shelf",
    "pk": 1,
    "fields": {
      "furniture": 1,
      "name": "Estante 1",
      "container_shelf": null,
      "type": 75,
      "color": "#73879C",
      "creation_date": "2023-01-10T22:48:14.125Z",
      "last_update": "2023-01-31T19:33:49.035Z",
      "discard": false,
      "measurement_unit": 63
    }
  },
  {
    "model": "auth_and_perms.profilepermission",
    "pk": 1,
    "fields": {
      "profile": 1,
      "content_type": [
        "auth_and_perms",
        "profile"
      ],
      "object_id": 1,
      "rol": [
        1,
        2,
        3,
        4,
        5,
        6,
        7,
        8,
        9,
        10,
        11,
        12,
        13,
        14,
        15,
        16,
        17,
        18,
        19,
        20,
        21,
        22
      ]
    }
  },
  {
    "model": "auth_and_perms.profilepermission",
    "pk": 2,
    "fields": {
      "profile": 1,
      "content_type": [
        "laboratory",
        "laboratory"
      ],
      "object_id": 1,
      "rol": [
        10,
        11,
        12,
        13,
        20,
        14,
        15
      ]
    }
  },
  {
    "model": "auth_and_perms.profilepermission",
    "pk": 3,
    "fields": {
      "profile": 2,
      "content_type": [
        "laboratory",
        "laboratory"
      ],
      "object_id": 1,
      "rol": [
        10,
        11,
        12,
        13,
        20,
        14,
        15
      ]
    }
  },
  {
    "model": "laboratory.objectfeatures",
    "pk": 1,
    "fields": {
        "name": "Uso general",
        "description": "Objeto que se puede utilizar en diferentes disciplinas de la ciencias, con aplicaciones diversas, Ejemplo: tubo de en ensayo"
    }
},
{
    "model": "laboratory.objectfeatures",
    "pk": 2,
    "fields": {
        "name": "Otros",
        "description": "Objeto que no se encuentra en ninguna de las categorías anteriores"
    }
},
{
    "model": "laboratory.objectfeatures",
    "pk": 3,
    "fields": {
        "name": "Equipo de seguridad",
        "description": "Objeto que tiene la función de proteger la salud del laboratorista, ejemplo extintor"
    }
},

    {
    "model": "laboratory.object",
    "pk": 1,
    "fields": {
        "organization": 1,
        "creation_date": "2023-01-26T15:44:11.394Z",
        "last_update": "2023-01-26T15:44:11.433Z",
        "created_by": null,
        "code": "BAL991",
        "name": "balones aforados 25 mL (tapa amarilla)",
        "synonym": null,
        "type": "1",
        "is_public": true,
        "description": "El matraz aforado es parte del llamado material de vidrio de laboratorio y consiste en un tipo de matraz que se usa como material volumétrico. Se emplea para medir un volumen exacto de líquido con base a la capacidad del propio matraz, que aparece indicada. Tiene un cuello alto y estrecho para aumentar la exactitud, pues un cambio pequeño en el volumen se puede traducir en otro considerable en la altura del líquido en el cuello del matraz. Se denomina aforado por disponer de una marca de graduación o aforo en torno al cuello para facilitar determinar con precisión cuando el líquido alcanza el volumen indicado.",
        "model": "",
        "serie": "",
        "plaque": "",
        "features": [
            1
        ]
    }
},
     {
    "model": "laboratory.object",
    "pk": 5,
    "fields": {
        "organization": 1,
        "creation_date": "2023-01-26T15:44:11.394Z",
        "last_update": "2023-01-26T15:44:11.433Z",
        "created_by": null,
        "code": "BAL991",
        "name": "Balones",
        "synonym": null,
        "type": "1",
        "is_public": true,
        "description": "El matraz aforado es parte del llamado material de vidrio de laboratorio y consiste en un tipo de matraz que se usa como material volumétrico. Se emplea para medir un volumen exacto de líquido con base a la capacidad del propio matraz, que aparece indicada. Tiene un cuello alto y estrecho para aumentar la exactitud, pues un cambio pequeño en el volumen se puede traducir en otro considerable en la altura del líquido en el cuello del matraz. Se denomina aforado por disponer de una marca de graduación o aforo en torno al cuello para facilitar determinar con precisión cuando el líquido alcanza el volumen indicado.",
        "model": "",
        "serie": "",
        "plaque": "",
        "features": [
            1
        ]
    }
},
  {
    "model": "laboratory.object",
    "pk": 2,
    "fields": {
      "organization": 1,
      "creation_date": "2023-01-26T15:44:11.394Z",
      "last_update": "2023-01-26T15:44:11.433Z",
      "created_by": null,
      "code": "BAL713",
      "name": "Balanza Analítica",
      "synonym": null,
      "type": "2",
      "is_public": true,
      "description": "La balanza analítica LX 220A tiene un diseño compacto desarrollado con los más altos estándares de calidad. Precisa se caracteriza por el desarrollo de instrumentos de pesaje con innovación tecnológica permitiendo así un manejo más amigable para el usuario con sus 5 teclas de acceso directo.",
      "model": "LX 220A",
      "serie": "864BALA482",
      "plaque": "AJQ382",
      "features": [
        2
      ]
    }
  },
  {
    "model": "laboratory.object",
    "pk": 4,
    "fields": {
        "organization": 1,
        "creation_date": "2023-01-26T15:44:11.394Z",
        "last_update": "2023-01-26T15:44:11.433Z",
        "created_by": null,
        "code": "ASAE575",
        "name": "Balanza Metalica",
        "synonym": null,
        "type": "2",
        "is_public": true,
        "description": "La balanza analítica LX 220A tiene un diseño compacto desarrollado con los más altos estándares de calidad. Precisa se caracteriza por el desarrollo de instrumentos de pesaje con innovación tecnológica permitiendo así un manejo más amigable para el usuario con sus 5 teclas de acceso directo.",
        "model": "LX 220A",
        "serie": "864BALA482",
        "plaque": "AJQ382",
        "features": [
            2
        ]
    }
},
  {
    "model": "laboratory.object",
    "pk": 3,
    "fields": {
        "organization": 1,
        "creation_date": "2023-01-26T15:44:11.394Z",
        "last_update": "2023-01-26T15:44:11.433Z",
        "created_by": null,
        "code": "Alc-11",
        "name": "1-Propanol",
        "synonym": "Alcohol propílico",
        "type": "0",
        "is_public": true,
        "description": "Clase: 3\r\n\r\nN-propanol appears as a clear colorless liquid with a sharp musty odor like rubbing alcohol. Flash point 53-77°F. Autoignites at 700°F. Vapors are heavier than air and mildly irritate the eyes, nose, and throat. Density approximately 6.5 lb / gal. Used in making cosmetics, skin and hair preparations, pharmaceuticals, perfumes, lacquer formulations, dye solutions, antifreezes, rubbing alcohols, soaps, window cleaners, acetone and other chemicals and products.",
        "model": null,
        "serie": null,
        "plaque": null,
        "features": [
            3,
            2
        ]
    }
},
    {
    "model": "laboratory.sustancecharacteristics",
    "pk": 17,
    "fields": {
      "obj": 3,
      "iarc": null,
      "imdg": 78,
      "bioaccumulable": false,
      "molecular_formula": null,
      "cas_id_number": "67-64-1",
      "security_sheet": "",
      "is_precursor": true,
      "precursor_type": null,
      "valid_molecular_formula": false,
      "seveso_list": false,
      "white_organ": [],
      "img_representation": "",
      "h_code": [],
      "ue_code": [],
      "nfpa": [],
      "storage_class": []
    }
  },
  {
    "model": "laboratory.object",
    "pk": 6,
    "fields": {
        "organization": 1,
        "creation_date": "2023-01-26T15:44:11.394Z",
        "last_update": "2023-01-26T15:44:11.433Z",
        "created_by": null,
        "code": "Alc-11",
        "name": "Alcohol",
        "synonym": "Alcohol propílico",
        "type": "0",
        "is_public": true,
        "description": "Clase: 3\r\n\r\nN-propanol appears as a clear colorless liquid with a sharp musty odor like rubbing alcohol. Flash point 53-77°F. Autoignites at 700°F. Vapors are heavier than air and mildly irritate the eyes, nose, and throat. Density approximately 6.5 lb / gal. Used in making cosmetics, skin and hair preparations, pharmaceuticals, perfumes, lacquer formulations, dye solutions, antifreezes, rubbing alcohols, soaps, window cleaners, acetone and other chemicals and products.",
        "model": null,
        "serie": null,
        "plaque": null,
        "features": [
            3,
            2
        ]
    }
},
    {
    "model": "laboratory.sustancecharacteristics",
    "pk": 17,
    "fields": {
      "obj": 6,
      "iarc": null,
      "imdg": 78,
      "bioaccumulable": false,
      "molecular_formula": null,
      "cas_id_number": "67-64-1",
      "security_sheet": "",
      "is_precursor": true,
      "precursor_type": null,
      "valid_molecular_formula": false,
      "seveso_list": false,
      "white_organ": [],
      "img_representation": "",
      "h_code": [],
      "ue_code": [],
      "nfpa": [],
      "storage_class": []
    }
  },
    {
    "model": "laboratory.provider",
    "pk": 1,
    "fields": {
      "name": "Karine Products",
      "phone_number": "(506)2209-8765",
      "email": "karineproductos@cr.com",
      "legal_identity": "3-8764-8354",
      "laboratory": 1,
      "created_by": 1,
      "creation_date": "2023-01-25T20:46:09.591Z",
      "last_update": "2023-01-25T20:46:09.591Z"
    }
  },
  {
    "model": "laboratory.provider",
    "pk": 2,
    "fields": {
      "name": "LP Company",
      "phone_number": "(506)2209-8765",
      "email": "lpcompany@cr.com",
      "legal_identity": "3-463-3423432",
      "laboratory": 1,
      "created_by": 1,
      "creation_date": "2023-01-25T20:46:09.591Z",
      "last_update": "2023-01-25T20:46:09.591Z"
    }
  },
  {
  "model": "laboratory.registeruserqr",
  "pk": 1,
  "fields": {
    "creation_date": "2023-03-05T20:15:15.804Z",
    "last_update": "2023-10-25T01:16:39.172Z",
    "created_by": 1,
    "activate_user": true,
    "url": "https://www.organilab.org/register_user_qr/1/1/login/3/",
    "register_user_qr": "register_user_qr/qrcode_nk3vzud.svg",
    "role": 1,
    "content_type": ["laboratory","laboratory"],
    "object_id": 1,
    "organization_creator": 1,
    "organization_register": 2,
    "code": "bdc0"
  }
},
    {
    "model": "laboratory.protocol",
    "pk": 1,
    "fields": {
      "name": "Lavado de manos",
      "file": "protocols/test.pdf",
      "short_description": "Higienización de las manos previa para el ingreso al laboratorio y manipulación de los instrumentos del mismo.",
      "laboratory": 1,
      "upload_by": 1,
      "creation_date": "2023-01-25T20:46:09.591Z",
      "last_update": "2023-01-25T20:46:09.591Z"
    }
  },
  {
    "model": "laboratory.protocol",
    "pk": 2,
    "fields": {
      "name": "Control de plagas",
      "file": "protocols/test.pdf",
      "short_description": "Saneamiento y fumigación del área de trabajo y exteriores",
      "laboratory": 1,
      "upload_by": 1,
      "creation_date": "2023-01-25T20:46:09.591Z",
      "last_update": "2023-01-25T20:46:09.591Z"
    }
  },
  {
    "model": "laboratory.object",
    "pk": 13,
    "fields": {
        "organization": 1,
        "creation_date": "2023-01-26T15:44:11.394Z",
        "last_update": "2023-01-26T15:44:11.433Z",
        "created_by": null,
        "code": "BAL998",
        "name": "Balón Fondo Plano 500 mL",
        "synonym": null,
        "type": "1",
        "is_public": true,
        "description": "Un balón de destilación o matraz destilada o matraz florentino es parte del llamado material de vidrio. Es un frasco de cuello largo y cuerpo esférico. Está diseñado para el calentamiento uniforme de distintas sustancias, se produce con distintas partes de vidrio para diferentes usos. Está hecho generalmente de vidrio o plástico especial.\r\n\r\nLa mayor ventaja del balón, por encima de otros materiales de vidrio es que su base redondeada permite agitar o remover fácilmente su contenido sin poder derramar ninguna sustancia fuera de su envase por precaución. Sin embargo, esta misma característica también lo hace más susceptible a voltearse y derramarse.\r\n\r\nA veces llevan un tubo de desprendimiento lateral, adosado al cuello del matraz, esto permite la salida de los vapores durante una destilación con dirección al condensador.",
        "model": "",
        "serie": "",
        "plaque": "",
        "features": [

        ]
    }
},
{
    "model": "laboratory.object",
    "pk": 17,
    "fields": {
        "organization": 1,
        "creation_date": "2023-01-26T15:44:11.394Z",
        "last_update": "2023-01-26T15:44:11.433Z",
        "created_by": null,
        "code": "BAL847",
        "name": "Balón Fondo Plano no esmerilado 125 mL",
        "synonym": null,
        "type": "1",
        "is_public": true,
        "description": "Un balón de destilación o matraz destilada o matraz florentino es parte del llamado material de vidrio. Es un frasco de cuello largo y cuerpo esférico. Está diseñado para el calentamiento uniforme de distintas sustancias, se produce con distintas partes de vidrio para diferentes usos. Está hecho generalmente de vidrio o plástico especial.\r\n\r\nLa mayor ventaja del balón, por encima de otros materiales de vidrio es que su base redondeada permite agitar o remover fácilmente su contenido sin poder derramar ninguna sustancia fuera de su envase por precaución. Sin embargo, esta misma característica también lo hace más susceptible a voltearse y derramarse.\r\n\r\nA veces llevan un tubo de desprendimiento lateral, adosado al cuello del matraz, esto permite la salida de los vapores durante una destilación con dirección al condensador.",
        "model": "",
        "serie": "",
        "plaque": "",
        "features": [

        ]
    }
},
  {
    "model": "laboratory.shelfobject",
    "pk": 1,
    "fields": {
      "shelf": 1,
      "object": 13,
      "quantity": 900,
      "limit_quantity": 1,
      "measurement_unit": 64,
      "creation_date": "2023-04-08T19:33:49.008Z",
      "last_update": "2023-04-30T19:33:49.035Z",
      "in_where_laboratory": 1
    }
  },
  {
    "model": "academic.procedure",
    "pk": 10,
    "fields": {
      "title": "Decantación 2",
      "description": "<p>La decantaci&oacute;n es una t&eacute;cnica que permite separar un s&oacute;lido mezclado heterog&eacute;neamente con un l&iacute;quido en el que es insoluble o bien dos l&iacute;quidos inmiscibles (que no se pueden mezclar homog&eacute;neamente) con densidades diferente.</p>",
      "content_type": [
        "laboratory",
        "organizationstructure"
      ],
      "object_id": 1
    }
  },
  {
    "model": "academic.procedure",
    "pk": 99,
    "fields": {
      "title": "Decantación 1",
      "description": "<p>La decantaci&oacute;n es una t&eacute;cnica que permite separar un s&oacute;lido mezclado heterog&eacute;neamente con un l&iacute;quido en el que es insoluble o bien dos l&iacute;quidos inmiscibles (que no se pueden mezclar homog&eacute;neamente) con densidades diferente.</p>",
      "content_type": [
        "laboratory",
        "organizationstructure"
       ],
       "object_id": 1

    }
  },
  {
    "model": "academic.procedurestep",
    "pk": 17,
    "fields": {
      "procedure": 10,
      "title": "01.\tDecantación un Liquido",
      "description": "<p>Para separar l&iacute;quidos que no son solubles, como por ejemplo&nbsp;agua&nbsp;y&nbsp;aceite, es necesario introducir la&nbsp;mezcla&nbsp;en un recipiente llamado embudo de decantaci&oacute;n&nbsp;y dejar que repose hasta que los l&iacute;quidos se separan en dos capas.&nbsp;Despu&eacute;s, se abre la llave y se deja salir el l&iacute;quido de la capa inferior poco a poco, y cerramos la llave cuando falte poco para que salga el otro l&iacute;quido.&nbsp;Para no contaminar los componentes de la mezcla al separarlos, no es conveniente aprovechar ni el final del primer l&iacute;quido ni el comienzo del segundo. Finalmente, hay que coger otro recipiente y recoger el segundo l&iacute;quido.</p>"
    }
  },
  {
    "model": "academic.procedurestep",
    "pk": 20,
    "fields": {
      "procedure": 10,
      "title": "02.\t¿Cómo se usa el Embudo de Decantación?",
      "description": "<ul>\r\n\t<li>Se vierte la mezcla en el embudo de decantaci&oacute;n, asegur&aacute;ndonos antes de que la llave de la parte inferior est&aacute; cerrada (en posici&oacute;n horizontal), para que la mezcla no salga mientras la vertemos.</li>\r\n\t<li>Se deja reposar hasta que ambos l&iacute;quidos se separan bien.</li>\r\n\t<li>Se coloca un vaso de precipitados debajo del embudo y se abre la llave. Empezar&aacute; a salir el l&iacute;quido m&aacute;s denso (es decir, el que est&aacute; en la parte inferior de la mezcla).</li>\r\n\t<li>Cerramos la llave en cuanto haya pasado todo este primer l&iacute;quido.</li>\r\n\t<li>El l&iacute;quido menos denso seguir&aacute; en el embudo. Para recuperarlo, conviene sacarlo por la parte superior de este; as&iacute; evitaremos contaminarlo con los restos de la otra sustancia que hayan podido quedar en la llave.</li>\r\n</ul>"
    }
  },
  {
    "model": "academic.procedurestep",
    "pk": 24,
    "fields": {
      "procedure": 10,
      "title": "03.\tDecantación un Solido",
      "description": "<p>Si el s&oacute;lido es bastante denso y grueso, tal vez se depositar&aacute; en el fondo del recipiente.&nbsp;As&iacute; pues, inclinado el recipiente, se puede separar el l&iacute;quido o sobrenadante, derram&aacute;ndose en otro recipiente sin que se caiga el s&oacute;lido o sedimento.</p>"
    }
  },
  {
    "model": "academic.procedurestep",
    "pk": 25,
    "fields": {
      "procedure": 10,
      "title": null,
      "description": null
    }
  },
  {
    "model": "academic.procedurerequiredobject",
    "pk": 12,
    "fields": {
      "step": 17,
      "object": 13,
      "quantity": 1.0,
      "measurement_unit": 64
    }
  },
    {
    "model": "academic.myprocedure",
    "pk": 1,
    "fields": {
      "name": "First my procedure test",
      "custom_procedure": 10,
      "content_type": [
        "laboratory",
        "laboratory"
      ],
      "object_id": 1,
      "status": "Eraser",
      "creation_date": "2023-05-10T20:46:09.591Z",
      "last_update": "2023-05-26T20:46:09.591Z",
      "organization": 1
    }
  },
  {
    "model": "academic.commentprocedurestep",
    "pk": 1,
    "fields": {
      "created_by": 1,
      "created_by_at": "2023-05-15T14:39:50.061659-06:00",
      "comment": "First test comment",
      "procedure_step": 17,
      "my_procedure": 1
    }
  },
  {
    "model": "academic.commentprocedurestep",
    "pk": 2,
    "fields": {
      "created_by": 1,
      "created_by_at": "2023-05-20T14:39:50.061659-06:00",
      "comment": "Second test comment",
      "procedure_step": 24,
      "my_procedure": 1
    }
  },
  {
    "model": "academic.commentprocedurestep",
    "pk": 3,
    "fields": {
      "created_by": 2,
      "created_by_at": "2023-05-22T13:39:50.061659-06:00",
      "comment": "Standard comment",
      "procedure_step": 17,
      "my_procedure": 1
    }
  },
  {
    "model": "academic.commentprocedurestep",
    "pk": 4,
    "fields": {
      "created_by": 2,
      "created_by_at": "2023-05-22T14:39:50.061659-06:00",
      "comment": "Comment of Second User",
      "procedure_step": 24,
      "my_procedure": 1
    }
  },
{
  "model": "derb.customform",
  "pk": 1,
  "fields": {
    "organization": 1,
    "creation_date": "2023-12-06T22:27:54.306Z",
    "last_update": "2023-12-06T22:34:14.352Z",
    "created_by": null,
    "name": "Primer Formulario",
    "status": "admin",
    "schema": {
      "name": "Primer Formulario",
      "status": "admin",
      "components": []
    }
  }
},
  {
  "model": "derb.customform",
  "pk": 5,
  "fields": {
    "organization": 1,
    "creation_date": "2023-10-23T20:36:23.413Z",
    "last_update": "2023-10-23T20:40:49.730Z",
    "created_by": null,
    "name": "Reporte de accidentes",
    "status": "admin",
    "schema": {
      "name": "Reporte de accidentes",
      "status": "admin",
      "components": [
        {
          "id": "evpga5",
          "key": "ingreseElNombreYCedulaProfesionalResponsable",
          "case": "",
          "mask": false,
          "tags": [],
          "type": "textfield",
          "input": true,
          "label": "Ingrese el nombre y cedula profesional responsable",
          "logic": [],
          "addons": [],
          "errors": "",
          "hidden": false,
          "prefix": "",
          "suffix": "",
          "unique": false,
          "widget": {
            "type": "input"
          },
          "dbIndex": false,
          "overlay": {
            "top": "",
            "left": "",
            "page": "",
            "style": "",
            "width": "",
            "height": ""
          },
          "tooltip": "",
          "disabled": false,
          "multiple": false,
          "redrawOn": "",
          "tabindex": "",
          "validate": {
            "json": "",
            "custom": "",
            "unique": false,
            "pattern": "",
            "multiple": false,
            "required": false,
            "maxLength": "",
            "minLength": "",
            "customMessage": "",
            "customPrivate": false,
            "strictDateValidation": false
          },
          "autofocus": false,
          "encrypted": false,
          "hideLabel": false,
          "inputMask": "",
          "inputType": "text",
          "modalEdit": false,
          "protected": false,
          "refreshOn": "",
          "tableView": true,
          "attributes": {},
          "errorLabel": "",
          "persistent": true,
          "properties": {},
          "spellcheck": true,
          "validateOn": "change",
          "clearOnHide": true,
          "conditional": {
            "eq": "",
            "json": "",
            "show": null,
            "when": null
          },
          "customClass": "",
          "description": "",
          "displayMask": "",
          "inputFormat": "plain",
          "placeholder": "",
          "autocomplete": "",
          "defaultValue": "",
          "dataGridLabel": false,
          "labelPosition": "top",
          "showCharCount": false,
          "showWordCount": false,
          "calculateValue": "",
          "calculateServer": false,
          "customConditional": "",
          "allowMultipleMasks": false,
          "customDefaultValue": "",
          "allowCalculateOverride": false,
          "truncateMultipleSpaces": false
        },
        {
          "id": "efbgtni",
          "key": "ingreseElNombreDelLaboratorio",
          "case": "",
          "mask": false,
          "tags": [],
          "type": "textfield",
          "input": true,
          "label": "Ingrese el nombre del laboratorio",
          "logic": [],
          "addons": [],
          "errors": "",
          "hidden": false,
          "prefix": "",
          "suffix": "",
          "unique": false,
          "widget": {
            "type": "input"
          },
          "dbIndex": false,
          "overlay": {
            "top": "",
            "left": "",
            "page": "",
            "style": "",
            "width": "",
            "height": ""
          },
          "tooltip": "",
          "disabled": false,
          "multiple": false,
          "redrawOn": "",
          "tabindex": "",
          "validate": {
            "json": "",
            "custom": "",
            "unique": false,
            "pattern": "",
            "multiple": false,
            "required": false,
            "maxLength": "",
            "minLength": "",
            "customMessage": "",
            "customPrivate": false,
            "strictDateValidation": false
          },
          "autofocus": false,
          "encrypted": false,
          "hideLabel": false,
          "inputMask": "",
          "inputType": "text",
          "modalEdit": false,
          "protected": false,
          "refreshOn": "",
          "tableView": true,
          "attributes": {},
          "errorLabel": "",
          "persistent": true,
          "properties": {},
          "spellcheck": true,
          "validateOn": "change",
          "clearOnHide": true,
          "conditional": {
            "eq": "",
            "json": "",
            "show": null,
            "when": null
          },
          "customClass": "",
          "description": "Escriba el mayuscula el nombre del laboratorio",
          "displayMask": "",
          "inputFormat": "plain",
          "placeholder": "",
          "autocomplete": "",
          "defaultValue": "",
          "dataGridLabel": false,
          "labelPosition": "top",
          "showCharCount": false,
          "showWordCount": false,
          "calculateValue": "",
          "calculateServer": false,
          "customConditional": "",
          "allowMultipleMasks": false,
          "customDefaultValue": "",
          "allowCalculateOverride": false,
          "truncateMultipleSpaces": false
        },
        {
          "id": "edrma6",
          "key": "describaElIncidente",
          "case": "",
          "mask": false,
          "rows": 3,
          "tags": [],
          "type": "textarea",
          "input": true,
          "label": "Describa el incidente",
          "logic": [],
          "addons": [],
          "editor": "",
          "errors": "",
          "hidden": false,
          "prefix": "",
          "suffix": "",
          "unique": false,
          "widget": {
            "type": "input"
          },
          "dbIndex": false,
          "overlay": {
            "top": "",
            "left": "",
            "page": "",
            "style": "",
            "width": "",
            "height": ""
          },
          "tooltip": "",
          "wysiwyg": false,
          "disabled": false,
          "multiple": false,
          "redrawOn": "",
          "tabindex": "",
          "validate": {
            "json": "",
            "custom": "",
            "unique": false,
            "pattern": "",
            "maxWords": "",
            "minWords": "",
            "multiple": false,
            "required": false,
            "maxLength": "",
            "minLength": "",
            "customMessage": "",
            "customPrivate": false,
            "strictDateValidation": false
          },
          "autofocus": false,
          "encrypted": false,
          "fixedSize": true,
          "hideLabel": false,
          "inputMask": "",
          "inputType": "text",
          "modalEdit": false,
          "protected": false,
          "refreshOn": "",
          "tableView": true,
          "attributes": {},
          "autoExpand": false,
          "errorLabel": "",
          "persistent": true,
          "properties": {},
          "spellcheck": true,
          "validateOn": "change",
          "clearOnHide": true,
          "conditional": {
            "eq": "",
            "json": "",
            "show": null,
            "when": null
          },
          "customClass": "",
          "description": "",
          "displayMask": "",
          "inputFormat": "html",
          "placeholder": "",
          "autocomplete": "",
          "defaultValue": "",
          "dataGridLabel": false,
          "labelPosition": "top",
          "showCharCount": false,
          "showWordCount": false,
          "calculateValue": "",
          "calculateServer": false,
          "customConditional": "",
          "allowMultipleMasks": false,
          "customDefaultValue": "",
          "allowCalculateOverride": false,
          "truncateMultipleSpaces": false
        }
      ]
    }
  }
},
  {
  "model": "derb.customform",
  "pk": 7,
  "fields": {
    "organization": 1,
    "creation_date": "2023-10-23T20:36:23.413Z",
    "last_update": "2023-10-23T20:40:49.730Z",
    "created_by": null,
    "name": "Reporte de ejemplo",
    "status": "admin",
    "schema": {
      "name": "Reporte de ejemplo",
      "status": "admin",
      "components": [

        {
          "id": "efbgtni",
          "key": "ingreseElNombreDelLaboratorio",
          "case": "",
          "mask": false,
          "tags": [],
          "type": "textfield",
          "input": true,
          "label": "Ingrese el nombre del laboratorio",
          "logic": [],
          "addons": [],
          "errors": "",
          "hidden": false,
          "prefix": "",
          "suffix": "",
          "unique": false,
          "widget": {
            "type": "input"
          },
          "dbIndex": false,
          "overlay": {
            "top": "",
            "left": "",
            "page": "",
            "style": "",
            "width": "",
            "height": ""
          },
          "tooltip": "",
          "disabled": false,
          "multiple": false,
          "redrawOn": "",
          "tabindex": "",
          "validate": {
            "json": "",
            "custom": "",
            "unique": false,
            "pattern": "",
            "multiple": false,
            "required": false,
            "maxLength": "",
            "minLength": "",
            "customMessage": "",
            "customPrivate": false,
            "strictDateValidation": false
          },
          "autofocus": false,
          "encrypted": false,
          "hideLabel": false,
          "inputMask": "",
          "inputType": "text",
          "modalEdit": false,
          "protected": false,
          "refreshOn": "",
          "tableView": true,
          "attributes": {},
          "errorLabel": "",
          "persistent": true,
          "properties": {},
          "spellcheck": true,
          "validateOn": "change",
          "clearOnHide": true,
          "conditional": {
            "eq": "",
            "json": "",
            "show": null,
            "when": null
          },
          "customClass": "",
          "description": "Escriba el mayuscula el nombre del laboratorio",
          "displayMask": "",
          "inputFormat": "plain",
          "placeholder": "",
          "autocomplete": "",
          "defaultValue": "",
          "dataGridLabel": false,
          "labelPosition": "top",
          "showCharCount": false,
          "showWordCount": false,
          "calculateValue": "",
          "calculateServer": false,
          "customConditional": "",
          "allowMultipleMasks": false,
          "customDefaultValue": "",
          "allowCalculateOverride": false,
          "truncateMultipleSpaces": false
        },
        {
          "id": "edrma6",
          "key": "describaElIncidente",
          "case": "",
          "mask": false,
          "rows": 3,
          "tags": [],
          "type": "textarea",
          "input": true,
          "label": "Describa el incidente",
          "logic": [],
          "addons": [],
          "editor": "",
          "errors": "",
          "hidden": false,
          "prefix": "",
          "suffix": "",
          "unique": false,
          "widget": {
            "type": "input"
          },
          "dbIndex": false,
          "overlay": {
            "top": "",
            "left": "",
            "page": "",
            "style": "",
            "width": "",
            "height": ""
          },
          "tooltip": "",
          "wysiwyg": false,
          "disabled": false,
          "multiple": false,
          "redrawOn": "",
          "tabindex": "",
          "validate": {
            "json": "",
            "custom": "",
            "unique": false,
            "pattern": "",
            "maxWords": "",
            "minWords": "",
            "multiple": false,
            "required": false,
            "maxLength": "",
            "minLength": "",
            "customMessage": "",
            "customPrivate": false,
            "strictDateValidation": false
          },
          "autofocus": false,
          "encrypted": false,
          "fixedSize": true,
          "hideLabel": false,
          "inputMask": "",
          "inputType": "text",
          "modalEdit": false,
          "protected": false,
          "refreshOn": "",
          "tableView": true,
          "attributes": {},
          "autoExpand": false,
          "errorLabel": "",
          "persistent": true,
          "properties": {},
          "spellcheck": true,
          "validateOn": "change",
          "clearOnHide": true,
          "conditional": {
            "eq": "",
            "json": "",
            "show": null,
            "when": null
          },
          "customClass": "",
          "description": "",
          "displayMask": "",
          "inputFormat": "html",
          "placeholder": "",
          "autocomplete": "",
          "defaultValue": "",
          "dataGridLabel": false,
          "labelPosition": "top",
          "showCharCount": false,
          "showWordCount": false,
          "calculateValue": "",
          "calculateServer": false,
          "customConditional": "",
          "allowMultipleMasks": false,
          "customDefaultValue": "",
          "allowCalculateOverride": false,
          "truncateMultipleSpaces": false
        }
      ]
    }
  }
},
  {
  "model": "laboratory.inform",
  "pk": 15,
  "fields": {
    "organization": 1,
    "creation_date": "2024-02-06T18:05:23.388Z",
    "last_update": "2024-02-06T18:05:23.388Z",
    "created_by": 1,
    "name": "ejemplo",
    "custom_form": 7,
    "content_type": ["laboratory","laboratory"],
    "object_id": 1,
    "status": "Eraser",
    "schema": {
      "name": "Reporte de ejemplo",
      "status": "admin",
      "components": [

        {
          "id": "efbgtni",
          "key": "ingreseElNombreDelLaboratorio",
          "case": "",
          "mask": false,
          "tags": [],
          "type": "textfield",
          "input": true,
          "label": "Ingrese el nombre del laboratorio",
          "logic": [],
          "addons": [],
          "errors": "",
          "hidden": false,
          "prefix": "",
          "suffix": "",
          "unique": false,
          "widget": {
            "type": "input"
          },
          "dbIndex": false,
          "overlay": {
            "top": "",
            "left": "",
            "page": "",
            "style": "",
            "width": "",
            "height": ""
          },
          "tooltip": "",
          "disabled": false,
          "multiple": false,
          "redrawOn": "",
          "tabindex": "",
          "validate": {
            "json": "",
            "custom": "",
            "unique": false,
            "pattern": "",
            "multiple": false,
            "required": false,
            "maxLength": "",
            "minLength": "",
            "customMessage": "",
            "customPrivate": false,
            "strictDateValidation": false
          },
          "autofocus": false,
          "encrypted": false,
          "hideLabel": false,
          "inputMask": "",
          "inputType": "text",
          "modalEdit": false,
          "protected": false,
          "refreshOn": "",
          "tableView": true,
          "attributes": {},
          "errorLabel": "",
          "persistent": true,
          "properties": {},
          "spellcheck": true,
          "validateOn": "change",
          "clearOnHide": true,
          "conditional": {
            "eq": "",
            "json": "",
            "show": null,
            "when": null
          },
          "customClass": "",
          "description": "Escriba el mayuscula el nombre del laboratorio",
          "displayMask": "",
          "inputFormat": "plain",
          "placeholder": "",
          "autocomplete": "",
          "defaultValue": "",
          "dataGridLabel": false,
          "labelPosition": "top",
          "showCharCount": false,
          "showWordCount": false,
          "calculateValue": "",
          "calculateServer": false,
          "customConditional": "",
          "allowMultipleMasks": false,
          "customDefaultValue": "",
          "allowCalculateOverride": false,
          "truncateMultipleSpaces": false
        },
        {
          "id": "edrma6",
          "key": "describaElIncidente",
          "case": "",
          "mask": false,
          "rows": 3,
          "tags": [],
          "type": "textarea",
          "input": true,
          "label": "Describa el incidente",
          "logic": [],
          "addons": [],
          "editor": "",
          "errors": "",
          "hidden": false,
          "prefix": "",
          "suffix": "",
          "unique": false,
          "widget": {
            "type": "input"
          },
          "dbIndex": false,
          "overlay": {
            "top": "",
            "left": "",
            "page": "",
            "style": "",
            "width": "",
            "height": ""
          },
          "tooltip": "",
          "wysiwyg": false,
          "disabled": false,
          "multiple": false,
          "redrawOn": "",
          "tabindex": "",
          "validate": {
            "json": "",
            "custom": "",
            "unique": false,
            "pattern": "",
            "maxWords": "",
            "minWords": "",
            "multiple": false,
            "required": false,
            "maxLength": "",
            "minLength": "",
            "customMessage": "",
            "customPrivate": false,
            "strictDateValidation": false
          },
          "autofocus": false,
          "encrypted": false,
          "fixedSize": true,
          "hideLabel": false,
          "inputMask": "",
          "inputType": "text",
          "modalEdit": false,
          "protected": false,
          "refreshOn": "",
          "tableView": true,
          "attributes": {},
          "autoExpand": false,
          "errorLabel": "",
          "persistent": true,
          "properties": {},
          "spellcheck": true,
          "validateOn": "change",
          "clearOnHide": true,
          "conditional": {
            "eq": "",
            "json": "",
            "show": null,
            "when": null
          },
          "customClass": "",
          "description": "",
          "displayMask": "",
          "inputFormat": "html",
          "placeholder": "",
          "autocomplete": "",
          "defaultValue": "",
          "dataGridLabel": false,
          "labelPosition": "top",
          "showCharCount": false,
          "showWordCount": false,
          "calculateValue": "",
          "calculateServer": false,
          "customConditional": "",
          "allowMultipleMasks": false,
          "customDefaultValue": "",
          "allowCalculateOverride": false,
          "truncateMultipleSpaces": false
        }
      ]
    }
  }
}
]
