[
  {
    "model": "auth.user",
    "pk": 1,
    "fields": {
      "password": "adminpass",
      "last_login": "2023-01-10T22:49:30.603Z",
      "is_superuser": true,
      "username": "admin",
      "first_name": "Organilab",
      "last_name": "Administrador",
      "email": "orgadmin@gmail.com",
      "is_staff": false,
      "is_active": true,
      "date_joined": "2018-07-09T19:45:29Z",
      "groups": [],
      "user_permissions": []
    }
  },
  {
    "model": "auth_and_perms.profile",
    "pk": 1,
    "fields": {
      "user": 1,
      "phone_number": "8888-8888",
      "id_card": "0-0000-0000",
      "job_position": "Administrator",
      "language": "es",
      "laboratories": [1, 2]
    }
  },
  {
    "model": "auth_and_perms.rol",
    "pk": 1,
    "fields": {
      "name": "Gestión Laboratorio",
      "color": "#337193",
      "permissions": [
        [
          "add_laboratory",
          "laboratory",
          "laboratory"
        ],
        [
          "change_laboratory",
          "laboratory",
          "laboratory"
        ],
        [
          "delete_laboratory",
          "laboratory",
          "laboratory"
        ],
        [
          "view_laboratory",
          "laboratory",
          "laboratory"
        ]
      ]
    }
  },
  {
    "model": "auth_and_perms.rol",
    "pk": 2,
    "fields": {
      "name": "Gestión Informes",
      "color": "#337193",
      "permissions": [
        [
          "add_inform",
          "laboratory",
          "inform"
        ],
        [
          "change_inform",
          "laboratory",
          "inform"
        ],
        [
          "delete_inform",
          "laboratory",
          "inform"
        ],
        [
          "view_inform",
          "laboratory",
          "inform"
        ]
      ]
    }
  },
  {
    "model": "auth_and_perms.rol",
    "pk": 3,
    "fields": {
      "name": "Administración de Objetos",
      "color": "#337193",
      "permissions": [
        [
          "add_object",
          "laboratory",
          "object"
        ],
        [
          "change_object",
          "laboratory",
          "object"
        ],
        [
          "delete_object",
          "laboratory",
          "object"
        ],
        [
          "view_object",
          "laboratory",
          "object"
        ]
      ]
    }
  },
  {
    "model": "auth_and_perms.rol",
    "pk": 4,
    "fields": {
      "name": "Administración de objetos en el estante",
      "color": "#337193",
      "permissions": [
        [
          "view_shelfobject",
          "laboratory",
          "shelfobject"
        ]
      ]
    }
  },
  {
    "model": "laboratory.organizationstructure",
    "pk": 1,
    "fields": {
      "parent": null,
      "name": "Organización de Prueba",
      "position": 0,
      "level": 0,
      "rol": [1, 2, 3, 4],
      "users": [1]
    }
  },
  {
    "model": "laboratory.laboratory",
    "pk": 1,
    "fields": {
      "name": "I Período",
      "phone_number": "85794954",
      "location": "San Antonio",
      "geolocation": "9.895804362670006,-84.1552734375",
      "email": "",
      "coordinator": "",
      "unit": "",
      "organization": 1,
      "creation_date": "2023-01-25T20:46:09.591Z",
      "last_update": "2023-01-25T20:46:09.591Z"
    }
  },
  {
    "model": "laboratory.laboratory",
    "pk": 2,
    "fields": {
      "name": "Prácticas estudiantiles",
      "phone_number": "85794954",
      "location": "San Antonio",
      "geolocation": "9.895804362670006,-84.1552734375",
      "email": "",
      "coordinator": "",
      "unit": "",
      "organization": 1,
      "creation_date": "2023-01-25T20:46:09.591Z",
      "last_update": "2023-01-25T20:46:09.591Z"
    }
  },
  {
    "model": "auth_and_perms.profilepermission",
    "pk": 1,
    "fields": {
      "profile": 1,
      "content_type": [
      "laboratory",
      "organizationstructure"
    ],
      "object_id": 1,
      "rol": [3, 4]
    }
  },
  {
    "model": "auth_and_perms.profilepermission",
    "pk": 2,
    "fields": {
      "profile": 1,
      "content_type": [
      "laboratory",
      "laboratory"
    ],
      "object_id": 1,
      "rol": [3, 4]
    }
  },
  {
    "model":  "laboratory.organizationstructurerelations",
    "pk": 1,
    "fields": {
      "organization": 1,
      "content_type": [
      "laboratory",
      "laboratory"
      ],
      "object_id": 1
    }
  },
  {
    "model":  "laboratory.organizationstructurerelations",
    "pk": 2,
    "fields": {
      "organization": 1,
      "content_type": [
      "laboratory",
      "laboratory"
      ],
      "object_id": 2
    }
  },
  {
    "model": "laboratory.userorganization",
    "pk": 1,
    "fields": {
      "organization": 1,
      "user": 1,
      "status": true,
      "type_in_organization": 1
    }
  },
  {
    "model": "laboratory.laboratoryroom",
    "pk": 1,
    "fields": {
      "name": "Sala de inventario",
      "creation_date": "2023-01-25T20:46:09.591Z",
      "last_update": "2023-01-25T20:46:09.591Z",
      "laboratory": 1
    }
  },
  {
    "model": "laboratory.laboratoryroom",
    "pk": 2,
    "fields": {
      "name": "Sala de procedimientos",
      "creation_date": "2023-01-25T20:46:09.591Z",
      "last_update": "2023-01-25T20:46:09.591Z",
      "laboratory": 1
    }
  },
  {
    "model": "laboratory.laboratoryroom",
    "pk": 3,
    "fields": {
      "name": "Bodega",
      "creation_date": "2023-01-25T20:46:09.591Z",
      "last_update": "2023-01-25T20:46:09.591Z",
      "laboratory": 2
    }
  },
  {
    "model": "laboratory.furniture",
    "pk": 1,
    "fields": {
      "labroom": 1,
      "name": "Mueble de equipos",
      "type": 75,
      "color": "#73879C",
      "dataconfig": "[[[1]]]",
      "creation_date": "2023-01-31T19:33:49.008Z",
      "last_update": "2023-01-31T19:33:49.035Z"
    }
  },
  {
    "model": "laboratory.furniture",
    "pk": 2,
    "fields": {
      "labroom": 1,
      "name": "Mueble aéreo de materiales",
      "type": 75,
      "color": "#73879C",
      "dataconfig": "[[[3]]]",
      "creation_date": "2023-01-31T19:33:49.008Z",
      "last_update": "2023-01-31T19:33:49.035Z"
    }
  },
  {
    "model": "laboratory.furniture",
    "pk": 3,
    "fields": {
      "labroom": 2,
      "name": "Mueble de reactivos",
      "type": 75,
      "color": "#73879C",
      "dataconfig": "[[[2],[4]]]",
      "creation_date": "2023-01-31T19:33:49.008Z",
      "last_update": "2023-01-31T19:33:49.035Z"
    }
  },
    {
    "model": "laboratory.furniture",
    "pk": 4,
    "fields": {
      "labroom": 3,
      "name": "Mueble esquinero negro",
      "type": 75,
      "color": "#73879C",
      "dataconfig": "[[[5]]]",
      "creation_date": "2023-01-31T19:33:49.008Z",
      "last_update": "2023-01-31T19:33:49.035Z"
    }
  },
  {
    "model": "laboratory.shelf",
    "pk": 1,
    "fields": {
      "furniture": 1,
      "name": "Balanzas",
      "container_shelf": null,
      "type": 72,
      "color": "#73879C",
      "creation_date": "2023-01-10T22:48:14.125Z",
      "last_update": "2023-01-31T19:33:49.035Z",
      "discard": false,
      "measurement_unit": 64
    }
  },
  {
    "model": "laboratory.shelf",
    "pk": 2,
    "fields": {
      "furniture": 3,
      "name": "Reactivos",
      "container_shelf": null,
      "type": 72,
      "color": "#73879C",
      "creation_date": "2023-01-10T22:48:14.125Z",
      "last_update": "2023-01-31T19:33:49.035Z",
      "discard": false,
      "measurement_unit": 62
    }
  },
  {
    "model": "laboratory.shelf",
    "pk": 3,
    "fields": {
      "furniture": 2,
      "name": "Materiales",
      "container_shelf": null,
      "type": 73,
      "color": "#73879C",
      "creation_date": "2023-01-10T22:48:14.125Z",
      "last_update": "2023-01-31T19:33:49.035Z",
      "discard": false,
      "measurement_unit": 64
    }
  },
  {
    "model": "laboratory.shelf",
    "pk": 4,
    "fields": {
      "furniture": 3,
      "name": "Reactivos inflamables",
      "container_shelf": null,
      "type": 72,
      "color": "#73879C",
      "creation_date": "2023-01-10T22:48:14.125Z",
      "last_update": "2023-01-31T19:33:49.035Z",
      "discard": false,
      "measurement_unit": 62
    }
  },
  {
    "model": "laboratory.shelf",
    "pk": 5,
    "fields": {
      "furniture": 4,
      "name": "Reactivos inflamables",
      "container_shelf": null,
      "type": 72,
      "color": "#73879C",
      "creation_date": "2023-01-10T22:48:14.125Z",
      "last_update": "2023-01-31T19:33:49.035Z",
      "discard": false,
      "measurement_unit": 62
    }
  },
  {
    "model": "laboratory.object",
    "pk": 1,
    "fields": {
      "organization": 1,
      "creation_date": "2023-01-10T22:48:14.125Z",
      "last_update": "2023-01-10T22:48:14.166Z",
      "code": "P0134",
      "name": "Balanza de laboratorio",
      "synonym": null,
      "type": "2",
      "is_public": true,
      "description": "",
      "model": "",
      "serie": "",
      "plaque": "",
      "features": []
    }
  },
  {
    "model": "laboratory.object",
    "pk": 2,
    "fields": {
      "organization": 1,
      "creation_date": "2023-01-10T22:48:14.125Z",
      "last_update": "2023-01-10T22:48:14.166Z",
      "code": "CL5672",
      "name": "Cloroformo",
      "synonym": null,
      "type": "0",
      "is_public": true,
      "description": "",
      "model": "",
      "serie": "",
      "plaque": "",
      "features": []
    }
  },
  {
    "model": "laboratory.object",
    "pk": 3,
    "fields": {
      "organization": 1,
      "creation_date": "2023-01-10T22:48:14.125Z",
      "last_update": "2023-01-10T22:48:14.166Z",
      "code": "Bt9932",
      "name": "Botella",
      "synonym": null,
      "type": "1",
      "is_public": true,
      "description": "",
      "model": "",
      "serie": "",
      "plaque": "",
      "features": [],
      "is_container": true
    }
  },
  {
    "model": "laboratory.objectfeatures",
    "pk": 1,
    "fields": {
      "name": "Composición",
      "description": "Compuesto Químico"
    }
  },
  {
    "model": "laboratory.object",
    "pk": 4,
    "fields": {
      "organization": 1,
      "creation_date": "2023-01-10T22:48:14.125Z",
      "last_update": "2023-01-10T22:48:14.166Z",
      "created_by": 1,
      "code": "Cr3452",
      "name": "Acetona",
      "synonym": "Propanona",
      "type": "0",
      "is_public": true,
      "description": "Es un líquido incoloro con un distintivo olor y sabor. Se evapora fácilmente en el aire, es inflamable y se disuelve en el agua.",
      "model": "RT3534",
      "serie": "YH3984R",
      "plaque": "DSFRS32",
      "features": [1],
      "is_container": false
    }
  },
  {
    "model": "laboratory.object",
    "pk": 5,
    "fields": {
      "organization": 1,
      "creation_date": "2023-01-10T22:48:14.125Z",
      "last_update": "2023-01-10T22:48:14.166Z",
      "code": "GL0934",
      "name": "Galón",
      "synonym": null,
      "type": "1",
      "is_public": true,
      "description": "",
      "model": "",
      "serie": "",
      "plaque": "",
      "features": [],
      "is_container": true
    }
  },
  {
    "model": "laboratory.shelfobject",
    "pk": 1,
    "fields": {
      "shelf": 1,
      "object": 3,
      "quantity": 10,
      "limit_quantity": 1,
      "measurement_unit": 64,
      "creation_date": "2023-01-31T19:33:49.008Z",
      "last_update": "2023-01-31T19:33:49.035Z",
      "created_by": 1,
      "in_where_laboratory": 1,
      "laboratory_name": "I Período",
      "shelf_object_url": "http://127.0.0.1:8000/lab/1/1/rooms/?labroom=2&furniture=3&shelf=1&shelfobject=1",
      "container": null,
      "status": 158
    }
  },
  {
    "model": "laboratory.shelfobject",
    "pk": 2,
    "fields": {
      "shelf": 2,
      "object": 3,
      "quantity": 1,
      "limit_quantity": 1,
      "measurement_unit": 64,
      "creation_date": "2023-01-31T19:33:49.008Z",
      "last_update": "2023-01-31T19:33:49.035Z",
      "created_by": 1,
      "in_where_laboratory": 1,
      "laboratory_name": "I Período",
      "shelf_object_url": "http://127.0.0.1:8000/lab/1/1/rooms/?labroom=1&furniture=1&shelf=2&shelfobject=2",
      "container": null,
      "status": 158,
      "description": "Recipiente para almacenar líquidos"
    }
  },
  {
    "model": "laboratory.shelfobject",
    "pk": 3,
    "fields": {
      "shelf": 2,
      "object": 4,
      "quantity": 5,
      "limit_quantity": 1,
      "measurement_unit": 62,
      "creation_date": "2023-01-31T19:33:49.008Z",
      "created_by": 1,
      "last_update": "2023-01-31T19:33:49.035Z",
      "in_where_laboratory": 1,
      "laboratory_name": "I Período",
      "shelf_object_url": "http://127.0.0.1:8000/lab/1/1/rooms/?labroom=2&furniture=3&shelf=2&shelfobject=3",
      "container": 2,
      "status": 158,
      "description": "Acetona que será utilizada para las prácticas."
    }
  },
  {
    "model": "laboratory.shelfobject",
    "pk": 4,
    "fields": {
      "shelf": 1,
      "object": 5,
      "quantity": 1,
      "limit_quantity": 1,
      "measurement_unit": 64,
      "creation_date": "2023-01-31T19:33:49.008Z",
      "last_update": "2023-01-31T19:33:49.035Z",
      "created_by": 1,
      "in_where_laboratory": 1,
      "laboratory_name": "I Período",
      "shelf_object_url": "http://127.0.0.1:8000/lab/1/1/rooms/?labroom=1&furniture=1&shelf=1&shelfobject=4",
      "container": null,
      "status": 158,
      "description": "Recipiente para reactivos de 5 litros."
    }
  },
  {
    "model": "laboratory.shelfobject",
    "pk": 5,
    "fields": {
      "shelf": 5,
      "object": 3,
      "quantity": 1,
      "limit_quantity": 1,
      "measurement_unit": 64,
      "creation_date": "2023-01-31T19:33:49.008Z",
      "last_update": "2023-01-31T19:33:49.035Z",
      "created_by": 1,
      "in_where_laboratory": 1,
      "laboratory_name": "I Período",
      "shelf_object_url": "http://127.0.0.1:8000/lab/1/1/rooms/?labroom=1&furniture=1&shelf=2&shelfobject=2",
      "container": null,
      "status": 158,
      "description": "Recipiente para almacenar líquidos"
    }
  },
  {
    "model": "laboratory.shelfobject",
    "pk": 6,
    "fields": {
      "shelf": 5,
      "object": 4,
      "quantity": 1,
      "limit_quantity": 1,
      "measurement_unit": 62,
      "creation_date": "2023-01-31T19:33:49.008Z",
      "last_update": "2023-01-31T19:33:49.035Z",
      "created_by": 1,
      "in_where_laboratory": 2,
      "laboratory_name": "Bodega",
      "shelf_object_url": "http://127.0.0.1:8000/lab/1/2/rooms/?labroom=3&furniture=4&shelf=5&shelfobject=6",
      "container": 5,
      "status": 158,
      "description": "Acetona para uso de prácticas estudiantiles"
    }
  },
  {
    "model": "reservations_management.reservations",
    "pk": 1,
    "fields": {
      "user": 1,
      "status": 0,
      "comments": "",
      "is_massive": false
    }
  },
  {
    "model": "reservations_management.reservedproducts",
    "pk": 1,
    "fields": {
    "organization": 1,
    "creation_date": "2024-05-14T19:33:49.008Z",
    "last_update": "2024-05-14T19:33:49.008Z",
    "created_by": 1,
    "shelf_object": 1,
    "user": 1,
    "reservation": 1,
    "is_returnable": true,
    "amount_required": 2.0,
    "amount_returned": 0.0,
    "initial_date": "2024-05-14T19:33:49.008Z",
    "final_date": "2024-05-24T19:33:49.008Z",
    "status": 3,
    "laboratory": 1
    }
  }
]
