[
    {
    "model": "auth.user",
    "pk": 1,
    "fields": {
      "password": "user1org1pass",
      "last_login": "2023-01-10T22:49:30.603Z",
      "is_superuser": false,
      "username": "user1org1",
      "first_name": "User 1",
      "last_name": "Org 1",
      "email": "user1org1@gmail.com",
      "is_staff": false,
      "is_active": true,
      "date_joined": "2018-07-09T19:45:29Z",
      "groups": [],
      "user_permissions": []
    }
  },
  {
    "model": "auth.user",
    "pk": 2,
    "fields": {
      "password": "user2org2pass",
      "last_login": "2023-01-10T22:49:30.603Z",
      "is_superuser": false,
      "username": "user2org2",
      "first_name": "User 2",
      "last_name": "Org 2",
      "email": "user2org2@gmail.com",
      "is_staff": false,
      "is_active": true,
      "date_joined": "2018-07-09T19:45:29Z",
      "groups": [],
      "user_permissions": []
    }
  },
  {
    "model": "auth.user",
    "pk": 3,
    "fields": {
      "password": "user3org1pass",
      "last_login": "2023-01-10T22:49:30.603Z",
      "is_superuser": false,
      "username": "user3org1",
      "first_name": "User 3",
      "last_name": "Org 1",
      "email": "user3org1@gmail.com",
      "is_staff": false,
      "is_active": true,
      "date_joined": "2018-07-09T19:45:29Z",
      "groups": [],
      "user_permissions": []
    }
  },
  {
    "model": "auth.user",
    "pk": 4,
    "fields": {
      "password": "user4org2pass",
      "last_login": "2023-01-10T22:49:30.603Z",
      "is_superuser": false,
      "username": "user4org2",
      "first_name": "User 4",
      "last_name": "Org 2",
      "email": "user4org2@gmail.com",
      "is_staff": false,
      "is_active": true,
      "date_joined": "2018-07-09T19:45:29Z",
      "groups": [],
      "user_permissions": []
    }
  },
  {
    "model": "auth.user",
    "pk": 5,
    "fields": {
      "password": "user5org3pass",
      "last_login": "2023-01-10T22:49:30.603Z",
      "is_superuser": false,
      "username": "user5org3",
      "first_name": "User 5",
      "last_name": "Org 3",
      "email": "user5org3@gmail.com",
      "is_staff": false,
      "is_active": true,
      "date_joined": "2018-07-09T19:45:29Z",
      "groups": [],
      "user_permissions": []
    }
  },
  {
    "model": "auth_and_perms.rol",
    "pk": 1,
    "fields": {
      "name": "View Shelf",
      "color": "#337193",
      "permissions": [
        [
          "view_shelf",
          "laboratory",
          "shelf"
        ]
      ]
    }
  },
  {
    "model": "auth_and_perms.rol",
    "pk": 2,
    "fields": {
      "name": "Change Shelf Object",
      "color": "#337193",
      "permissions": [
        [
          "change_shelfobject",
          "laboratory",
          "shelfobject"
        ]
      ]
    }
  },
  {
    "model": "auth_and_perms.rol",
    "pk": 3,
    "fields": {
      "name": "Add Reserved Product",
      "color": "#337193",
      "permissions": [
        [
          "add_reservedproducts",
          "reservations_management",
          "reservedproducts"
        ]
      ]
    }
  },
  {
    "model": "laboratory.organizationstructure",
    "pk": 1,
    "fields": {
      "parent": null,
      "name": "Organization 1",
      "position": 0,
      "level": 0,
      "rol": [
        1,
        2,
        3
      ],
      "users": [
        1,
        3
      ]
    }
  },
  {
    "model": "laboratory.organizationstructure",
    "pk": 2,
    "fields": {
      "parent": null,
      "name": "Organization 2",
      "position": 0,
      "level": 0,
      "rol": [],
      "users": [
        2,
        4
      ]
    }
  },
  {
    "model": "laboratory.organizationstructure",
    "pk": 3,
    "fields": {
      "parent": 1,
      "name": "Child Organization 1",
      "position": 0,
      "level": 1,
      "rol": []
    }
  },
  {
    "model": "laboratory.organizationstructure",
    "pk": 4,
    "fields": {
      "parent": 2,
      "name": "Child Organization 2",
      "position": 0,
      "level": 1,
      "rol": []
    }
  },
  {
    "model": "laboratory.organizationstructure",
    "pk": 5,
    "fields": {
      "parent": null,
      "name": "Organization 3",
      "position": 0,
      "level": 0,
      "rol": [],
      "users": [
        5
      ]
    }
  },
  {
    "model": "laboratory.laboratory",
    "pk": 1,
    "fields": {
      "name": "Lab 1",
      "phone_number": "88888888",
      "location": "San José",
      "geolocation": "9.895804362670006,-84.4325435324",
      "email": "",
      "coordinator": "",
      "unit": "",
      "organization": 1,
      "creation_date": "2023-01-25T20:46:09.591Z",
      "last_update": "2023-01-25T20:46:09.591Z"
    }
  },
  {
    "model": "laboratory.laboratory",
    "pk": 2,
    "fields": {
      "name": "Lab 2",
      "phone_number": "44444444",
      "location": "San Miguel",
      "geolocation": "9.32442142332,-84.1552734375",
      "email": "",
      "coordinator": "",
      "unit": "",
      "organization": 2,
      "creation_date": "2023-01-25T20:46:09.591Z",
      "last_update": "2023-01-25T20:46:09.591Z"
    }
  },
  {
    "model": "laboratory.laboratory",
    "pk": 3,
    "fields": {
      "name": "Lab 3",
      "phone_number": "33333333",
      "location": "San Antonio",
      "geolocation": "9.354352434334343,-84.1552734375",
      "email": "",
      "coordinator": "",
      "unit": "",
      "organization": 1,
      "creation_date": "2023-01-25T20:46:09.591Z",
      "last_update": "2023-01-25T20:46:09.591Z"
    }
  },
  {
    "model": "laboratory.laboratory",
    "pk": 4,
    "fields": {
      "name": "Lab 4",
      "phone_number": "22222222",
      "location": "San Andres",
      "geolocation": "9.895804362670006,-84.43434353455",
      "email": "",
      "coordinator": "",
      "unit": "",
      "organization": 4,
      "creation_date": "2023-01-25T20:46:09.591Z",
      "last_update": "2023-01-25T20:46:09.591Z"
    }
  },
  {
    "model": "laboratory.laboratory",
    "pk": 5,
    "fields": {
      "name": "Lab 5",
      "phone_number": "55555555",
      "location": "Turrialba",
      "geolocation": "9.895804362670006,-84.43434353455",
      "email": "",
      "coordinator": "",
      "unit": "",
      "organization": 5,
      "creation_date": "2023-01-25T20:46:09.591Z",
      "last_update": "2023-01-25T20:46:09.591Z"
    }
  },
  {
    "model": "laboratory.laboratoryroom",
    "pk": 1,
    "fields": {
      "name": "Sala de muestras",
      "creation_date": "2023-01-25T20:46:09.591Z",
      "last_update": "2023-01-25T20:46:09.591Z",
      "laboratory": 1
    }
  },
  {
    "model": "laboratory.laboratoryroom",
    "pk": 2,
    "fields": {
      "name": "Sala de exp",
      "creation_date": "2023-01-25T20:46:09.591Z",
      "last_update": "2023-01-25T20:46:09.591Z",
      "laboratory": 3
    }
  },
  {
    "model": "laboratory.furniture",
    "pk": 1,
    "fields": {
      "labroom": 1,
      "name": "Mueble 1",
      "type": 75,
      "color": "#73879C",
      "dataconfig": "[[[1],[]],[[],[],[],[]]]",
      "creation_date": "2023-01-31T19:33:49.008Z",
      "last_update": "2023-01-31T19:33:49.035Z"
    }
  },
  {
    "model": "laboratory.furniture",
    "pk": 2,
    "fields": {
      "labroom": 2,
      "name": "Mueble 2",
      "type": 75,
      "color": "#73879C",
      "dataconfig": "[[[3],[]],[[],[],[],[]]]",
      "creation_date": "2023-01-31T19:33:49.008Z",
      "last_update": "2023-01-31T19:33:49.035Z"
    }
  },
  {
    "model": "laboratory.shelf",
    "pk": 1,
    "fields": {
      "furniture": 1,
      "name": "SH 1 FU 1",
      "container_shelf": null,
      "type": 74,
      "color": "#73879C",
      "creation_date": "2023-01-10T22:48:14.125Z",
      "last_update": "2023-01-31T19:33:49.035Z",
      "discard": false,
      "measurement_unit": 64,
      "quantity": 100,
      "limit_only_objects": false,
      "infinity_quantity": false
    }
  },
  {
    "model": "laboratory.shelf",
    "pk": 2,
    "fields": {
      "furniture": 1,
      "name": "SH 2 FU 1",
      "container_shelf": null,
      "type": 74,
      "color": "#73879C",
      "creation_date": "2023-01-10T22:48:14.125Z",
      "last_update": "2023-01-31T19:33:49.035Z",
      "discard": false,
      "measurement_unit": 62,
      "quantity": 200,
      "limit_only_objects": false,
      "infinity_quantity": false
    }
  },
  {
    "model": "laboratory.shelf",
    "pk": 3,
    "fields": {
      "furniture": 1,
      "name": "SH 3 FU 1",
      "container_shelf": null,
      "type": 74,
      "color": "#73879C",
      "creation_date": "2023-01-10T22:48:14.125Z",
      "last_update": "2023-01-31T19:33:49.035Z",
      "discard": false,
      "measurement_unit": 62,
      "quantity": 100,
      "limit_only_objects": false,
      "infinity_quantity": false
    }
  },
  {
    "model": "laboratory.shelf",
    "pk": 4,
    "fields": {
      "furniture": 2,
      "name": "SH 4 FU 1",
      "container_shelf": null,
      "type": 74,
      "color": "#73879C",
      "creation_date": "2023-01-10T22:48:14.125Z",
      "last_update": "2023-01-31T19:33:49.035Z",
      "discard": false,
      "measurement_unit": 64,
      "quantity": 100,
      "limit_only_objects": false,
      "infinity_quantity": false
    }
  },
  {
    "model": "laboratory.objectfeatures",
    "pk": 1,
    "fields": {
      "name": "Reactivo",
      "description": "Es un reactivo en la industria química."
    }
  },
  {
    "model": "laboratory.object",
    "pk": 1,
    "fields": {
      "organization": 1,
      "creation_date": "2023-01-10T22:48:14.125Z",
      "last_update": "2023-01-10T22:48:14.166Z",
      "created_by": 1,
      "code": "CA777",
      "name": "Cal 100 gr",
      "synonym": null,
      "type": "0",
      "is_public": true,
      "description": "",
      "model": "",
      "serie": "",
      "plaque": "",
      "features": [
        1
      ]
    }
  },
  {
    "model": "laboratory.object",
    "pk": 2,
    "fields": {
      "organization": 1,
      "creation_date": "2023-01-10T22:48:14.125Z",
      "last_update": "2023-01-10T22:48:14.166Z",
      "created_by": 1,
      "code": "BCA65",
      "name": "Botella 100 ml",
      "synonym": null,
      "type": "1",
      "is_public": true,
      "description": "",
      "model": "",
      "serie": "",
      "plaque": "",
      "features": [
        1
      ]
    }
  },
  {
    "model": "laboratory.object",
    "pk": 3,
    "fields": {
      "organization": 1,
      "creation_date": "2023-01-10T22:48:14.125Z",
      "last_update": "2023-01-10T22:48:14.166Z",
      "created_by": 1,
      "code": "TA6335",
      "name": "Tanque",
      "synonym": null,
      "type": "1",
      "is_public": true,
      "description": "",
      "model": "",
      "serie": "",
      "plaque": "",
      "features": [
        1
      ]
    }
  },
  {
    "model": "laboratory.object",
    "pk": 4,
    "fields": {
      "organization": 1,
      "creation_date": "2023-01-10T22:48:14.125Z",
      "last_update": "2023-01-10T22:48:14.166Z",
      "created_by": 1,
      "code": "PE4435",
      "name": "Pesa",
      "synonym": null,
      "type": "2",
      "is_public": true,
      "description": "",
      "model": "",
      "serie": "",
      "plaque": "",
      "features": [
        1
      ]
    }
  },

  {
  "model": "laboratory.catalog",
  "pk": 59,
  "fields": {
    "key": "units",
    "description": "Metros"
  }
},
{
  "model": "laboratory.catalog",
  "pk": 60,
  "fields": {
    "key": "units",
    "description": "Milímetros"
  }
},
{
  "model": "laboratory.catalog",
  "pk": 61,
  "fields": {
    "key": "units",
    "description": "Centímetros"
  }
},
{
  "model": "laboratory.catalog",
  "pk": 62,
  "fields": {
    "key": "units",
    "description": "Litros"
  }
},
{
  "model": "laboratory.catalog",
  "pk": 63,
  "fields": {
    "key": "units",
    "description": "Mililitros"
  }
},
{
  "model": "laboratory.catalog",
  "pk": 64,
  "fields": {
    "key": "units",
    "description": "Unidades"
  }
},
{
  "model": "laboratory.catalog",
  "pk": 65,
  "fields": {
    "key": "units",
    "description": "Gramos"
  }
},
{
  "model": "laboratory.catalog",
  "pk": 66,
  "fields": {
    "key": "units",
    "description": "Kilogramos"
  }
},
{
  "model": "laboratory.catalog",
  "pk": 67,
  "fields": {
    "key": "units",
    "description": "Miligramos"
  }
},
{
  "model": "laboratory.catalog",
  "pk": 68,
  "fields": {
    "key": "units",
    "description": "Metro cúbico"
  }
},
{
  "model": "laboratory.catalog",
  "pk": 69,
  "fields": {
    "key": "units",
    "description": "Atmósfera"
  }
},
{
  "model": "laboratory.catalog",
  "pk": 70,
  "fields": {
    "key": "units",
    "description": "Pascales"
  }
},
{
  "model": "laboratory.catalog",
  "pk": 71,
  "fields": {
    "key": "units",
    "description": "PSI"
  }
},
{
    "model": "laboratory.baseunitvalues",
    "pk": 14,
    "fields": {
        "measurement_unit_base": 62,
        "measurement_unit": 62,
        "si_value": 1.0
    }
},
{
    "model": "laboratory.baseunitvalues",
    "pk": 15,
    "fields": {
        "measurement_unit_base": 62,
        "measurement_unit": 63,
        "si_value": 1000.0
    }
},
{
    "model": "laboratory.baseunitvalues",
    "pk": 16,
    "fields": {
        "measurement_unit_base": 59,
        "measurement_unit": 60,
        "si_value": 1000.0
    }
},
{
    "model": "laboratory.baseunitvalues",
    "pk": 17,
    "fields": {
        "measurement_unit_base": 59,
        "measurement_unit": 59,
        "si_value": 1.0
    }
},
{
    "model": "laboratory.baseunitvalues",
    "pk": 18,
    "fields": {
        "measurement_unit_base": 59,
        "measurement_unit": 61,
        "si_value": 100.0
    }
},
{
    "model": "laboratory.baseunitvalues",
    "pk": 19,
    "fields": {
        "measurement_unit_base": 66,
        "measurement_unit": 66,
        "si_value": 1.0
    }
},
{
    "model": "laboratory.baseunitvalues",
    "pk": 20,
    "fields": {
        "measurement_unit_base": 66,
        "measurement_unit": 65,
        "si_value": 1000.0
    }
},
{
    "model": "laboratory.baseunitvalues",
    "pk": 21,
    "fields": {
        "measurement_unit_base": 66,
        "measurement_unit": 67,
        "si_value": 1000000.0
    }
},
{
    "model": "laboratory.baseunitvalues",
    "pk": 22,
    "fields": {
        "measurement_unit_base": 71,
        "measurement_unit": 71,
        "si_value": 0.0001450377
    }
},
{
    "model": "laboratory.baseunitvalues",
    "pk": 23,
    "fields": {
        "measurement_unit_base": 70,
        "measurement_unit": 70,
        "si_value": 1.0
    }
},
{
    "model": "laboratory.baseunitvalues",
    "pk": 24,
    "fields": {
        "measurement_unit_base": 70,
        "measurement_unit": 69,
        "si_value": 9.86923e-06
    }
},
{
    "model": "laboratory.baseunitvalues",
    "pk": 25,
    "fields": {
        "measurement_unit_base": 68,
        "measurement_unit": 68,
        "si_value": 0.001
    }
},
{
    "model": "laboratory.baseunitvalues",
    "pk": 26,
    "fields": {
        "measurement_unit_base": 64,
        "measurement_unit": 64,
        "si_value": 1.0
    }
}
]
