[
  {
    "model": "auth.user",
    "pk": 1,
    "fields": {
      "password": "adminpass",
      "last_login": "2023-01-10T22:49:30.603Z",
      "is_superuser": true,
      "username": "admin",
      "first_name": "Organilab",
      "last_name": "Admin",
      "email": "orgadmin@gmail.com",
      "is_staff": true,
      "is_active": true,
      "date_joined": "2018-07-09T19:45:29Z",
      "groups": [],
      "user_permissions": [
        7,
        8,
        9,
        6,
        3,
        4,
        5,
        2,
        15,
        16,
        17,
        14,
        11,
        12,
        13,
        10,
        55,
        56,
        57,
        254,
        124,
        125,
        126,
        291,
        127,
        128,
        129,
        292,
        294,
        295,
        296,
        297,
        302,
        303,
        304,
        305,
        298,
        299,
        300,
        301,
        121,
        122,
        123,
        293,
        65,
        66,
        67,
        256,
        62,
        63,
        64,
        255,
        152,
        59,
        153,
        60,
        154,
        61,
        257,
        273,
        274,
        275,
        276,
        277,
        278,
        279,
        280,
        107,
        108,
        109,
        110,
        104,
        105,
        106,
        286,
        328,
        329,
        330,
        331,
        332,
        333,
        334,
        335,
        336,
        337,
        338,
        339,
        340,
        341,
        342,
        343,
        58,
        68,
        69,
        70,
        258,
        101,
        102,
        103,
        285,
        392,
        393,
        394,
        395,
        372,
        373,
        374,
        375,
        376,
        377,
        378,
        379,
        380,
        381,
        382,
        383,
        384,
        385,
        386,
        387,
        388,
        389,
        390,
        391,
        130,
        133,
        131,
        132,
        134,
        135,
        136,
        312,
        313,
        314,
        315,
        320,
        321,
        322,
        323,
        316,
        317,
        318,
        319,
        324,
        325,
        326,
        327,
        98,
        99,
        100,
        283,
        92,
        93,
        94,
        281,
        89,
        90,
        91,
        282,
        95,
        96,
        97,
        284,
        226,
        227,
        228,
        229,
        230,
        231,
        396,
        397,
        398,
        399,
        261,
        262,
        263,
        264,
        49,
        50,
        51,
        48,
        81,
        82,
        83,
        84,
        45,
        46,
        47,
        44,
        37,
        38,
        39,
        54,
        1,
        53,
        41,
        42,
        43,
        40,
        80,
        30,
        31,
        32,
        29,
        34,
        35,
        36,
        33,
        348,
        349,
        350,
        351,
        76,
        344,
        77,
        345,
        78,
        346,
        79,
        347,
        269,
        270,
        271,
        272,
        85,
        86,
        87,
        88,
        22,
        23,
        24,
        21,
        26,
        27,
        28,
        25,
        75,
        19,
        20,
        52,
        18,
        74,
        265,
        266,
        267,
        268,
        111,
        112,
        113,
        114,
        118,
        119,
        120,
        287,
        238,
        239,
        240,
        288,
        203,
        204,
        205,
        206,
        207,
        208,
        209,
        210,
        211,
        212,
        219,
        216,
        215,
        217,
        213,
        218,
        214,
        202,
        223,
        224,
        225,
        220,
        221,
        222,
        368,
        369,
        370,
        371,
        364,
        365,
        366,
        367,
        360,
        361,
        362,
        363,
        356,
        357,
        358,
        359,
        251,
        252,
        253,
        311,
        245,
        246,
        247,
        309,
        242,
        243,
        244,
        308,
        248,
        249,
        250,
        310,
        71,
        72,
        73,
        259,
        155,
        156,
        157,
        158,
        159,
        160,
        161,
        162,
        179,
        180,
        181,
        182,
        352,
        353,
        354,
        355,
        167,
        168,
        169,
        170,
        175,
        176,
        177,
        178,
        191,
        192,
        193,
        194,
        195,
        196,
        197,
        198,
        199,
        200,
        201,
        232,
        163,
        233,
        164,
        234,
        165,
        289,
        166,
        235,
        236,
        237,
        241,
        290,
        187,
        188,
        189,
        190,
        183,
        184,
        185,
        186,
        171,
        172,
        173,
        174,
        115,
        116,
        117,
        260,
        140,
        141,
        142,
        306,
        137,
        138,
        139,
        307,
        149,
        150,
        151,
        143,
        148,
        147,
        146,
        144,
        145
      ]
    }
  },
  {
    "model": "auth.user",
    "pk": 2,
    "fields": {
      "password": "renatapass",
      "last_login": "2023-01-10T22:49:30.603Z",
      "is_superuser": false,
      "username": "renatafg",
      "first_name": "Renata",
      "last_name": "Figueroa",
      "email": "renatafg@protonmail.com",
      "is_staff": false,
      "is_active": true,
      "date_joined": "2018-07-09T19:45:29Z",
      "groups": [],
      "user_permissions": []
    }
  },
  {
    "model": "auth_and_perms.profile",
    "pk": 1,
    "fields": {
      "user": 1,
      "phone_number": "8888-8888",
      "id_card": "0-0000-0000",
      "job_position": "Administrator",
      "laboratories": [1, 2]
    }
  },
  {
    "model": "auth_and_perms.profile",
    "pk": 2,
    "fields": {
      "user": 2,
      "phone_number": "7777-7777",
      "id_card": "1-1111-1111",
      "job_position": "Profesional Technician",
      "laboratories": [1, 2]
    }
  },
  {
    "model": "laboratory.organizationstructure",
    "pk": 1,
    "fields": {
      "parent": null,
      "name": "Investigadores SA",
      "position": 1,
      "level": 1,
      "rol": []
    }
  },
  {
    "model": "laboratory.organizationstructure",
    "pk": 2,
    "fields": {
      "parent": null,
      "name": "Organization Testing",
      "position": 1,
      "level": 1,
      "rol": []
    }
  },
  {
    "model": "laboratory.organizationstructure",
    "pk": 3,
    "fields": {
      "parent": null,
      "name": "Org MK",
      "position": 1,
      "level": 1,
      "rol": []
    }
  },
  {
    "model": "laboratory.organizationusermanagement",
    "pk": 1,
    "fields": {
      "organization": 1,
      "users": [1]
    }
  },
  {
    "model": "laboratory.organizationusermanagement",
    "pk": 2,
    "fields": {
      "organization": 2,
      "users": [2]
    }
  },
  {
    "model": "laboratory.organizationusermanagement",
    "pk": 3,
    "fields": {
      "organization": 3,
      "users": [1]
    }
  },
  {
    "model": "laboratory.laboratoryroom",
    "pk": 1,
    "fields": {
      "name": "Sala de inventario",
      "creation_date": "2023-01-25T20:46:09.591Z",
      "last_update": "2023-01-25T20:46:09.591Z"
    }
  },
  {
    "model": "laboratory.laboratoryroom",
    "pk": 2,
    "fields": {
      "name": "Sala de muestras",
      "creation_date": "2023-01-25T20:46:09.591Z",
      "last_update": "2023-01-25T20:46:09.591Z"
    }
  },
  {
    "model": "laboratory.laboratoryroom",
    "pk": 3,
    "fields": {
      "name": "Sala de equipos de protección individual",
      "creation_date": "2023-01-25T20:46:09.591Z",
      "last_update": "2023-01-25T20:46:09.591Z"
    }
  },
  {
    "model": "laboratory.laboratory",
    "pk": 1,
    "fields": {
      "name": "Vick Lab",
      "phone_number": "85794954",
      "location": "San Antonio",
      "geolocation": "9.895804362670006,-84.1552734375",
      "email": "",
      "coordinator": "",
      "unit": "",
      "organization": 1,
      "rooms": [1, 2],
      "creation_date": "2023-01-25T20:46:09.591Z",
      "last_update": "2023-01-25T20:46:09.591Z"
    }
  },
  {
    "model": "laboratory.laboratory",
    "pk": 2,
    "fields": {
      "name": "Lab Ultra",
      "phone_number": "22305678",
      "location": "Upala",
      "geolocation": "9.895804362670006,-84.1552734375",
      "email": "",
      "coordinator": "",
      "unit": "",
      "organization": 1,
      "rooms": [3],
      "creation_date": "2023-01-25T20:46:09.591Z",
      "last_update": "2023-01-25T20:46:09.591Z"
    }
  },
  {
    "model": "laboratory.laboratory",
    "pk": 3,
    "fields": {
      "name": "DS Cosme",
      "phone_number": "22305678",
      "location": "Upala",
      "geolocation": "9.895804362670006,-84.1552734375",
      "email": "",
      "coordinator": "",
      "unit": "",
      "organization": 1,
      "rooms": [3],
      "creation_date": "2023-01-25T20:46:09.591Z",
      "last_update": "2023-01-25T20:46:09.591Z"
    }
  },
  {
    "model": "laboratory.provider",
    "pk": 1,
    "fields": {
      "name": "Karine Products",
      "phone_number": "(506)2209-8765",
      "email": "karineproductos@cr.com",
      "legal_identity": "3-8764-8354",
      "laboratory": 1
    }
  },
  {
    "model": "laboratory.provider",
    "pk": 2,
    "fields": {
      "name": "LP Company",
      "phone_number": "(506)2209-8765",
      "email": "lpcompany@cr.com",
      "legal_identity": "3-463-3423432",
      "laboratory": 1
    }
  },
  {
    "model": "laboratory.provider",
    "pk": 3,
    "fields": {
      "name": "Alcoma SA",
      "phone_number": "(506)2209-8765",
      "email": "alcomasa@cr.com",
      "legal_identity": "3-435-24432214",
      "laboratory": 2
    }
  },
  {
    "model": "laboratory.provider",
    "pk": 4,
    "fields": {
      "name": "Benka SA",
      "phone_number": "(605)2222-2222",
      "email": "benka@gmail.com",
      "legal_identity": "3-34534-453532",
      "laboratory": 1
    }
  },
  {
    "model": "laboratory.provider",
    "pk": 5,
    "fields": {
      "name": "Jako company",
      "phone_number": "(609)4534-3432",
      "email": "jakocm@hotmail.com",
      "legal_identity": "5-843849-4395348",
      "laboratory": 2
    }
  },
  {
    "model": "laboratory.protocol",
    "pk": 1,
    "fields": {
      "name": "Lavado de manos",
      "file": "protocols/test.pdf",
      "short_description": "Higienización de las manos previa para el ingreso al laboratorio y manipulación de los instrumentos del mismo.",
      "laboratory": 1,
      "upload_by": 1,
      "creation_date": "2023-01-25T20:46:09.591Z",
      "last_update": "2023-01-25T20:46:09.591Z"
    }
  },
  {
    "model": "laboratory.protocol",
    "pk": 2,
    "fields": {
      "name": "Control de plagas",
      "file": "protocols/test.pdf",
      "short_description": "Saneamiento y fumigación del área de trabajo y exteriores",
      "laboratory": 1,
      "upload_by": 1,
      "creation_date": "2023-01-25T20:46:09.591Z",
      "last_update": "2023-01-25T20:46:09.591Z"
    }
  },
  {
    "model": "laboratory.protocol",
    "pk": 3,
    "fields": {
      "name": "Manipulación de instrumentos de laboratorio",
      "file": "protocols/test.pdf",
      "short_description": "Esterilización y uso de instrumentos de laboratorio.",
      "laboratory": 1,
      "upload_by": 1,
      "creation_date": "2023-01-25T20:46:09.591Z",
      "last_update": "2023-01-25T20:46:09.591Z"
    }
  },
  {
    "model": "contenttypes.contenttype",
    "pk": 1,
    "fields": {
      "app_label": "laboratory",
      "model": "laboratory"
    }
  },
  {
    "model": "derb.customform",
    "pk": 1,
    "fields": {
      "organization": 1,
      "creation_date": "2023-01-12T21:31:49.385Z",
      "last_update": "2023-01-12T21:31:49.385Z",
      "created_by": null,
      "name": "Gestión de laboratorio",
      "status": "admin",
      "schema": {
        "name": "Gestión de laboratorio",
        "status": "admin",
        "components": []
      }
    }
  },
  {
    "model": "derb.customform",
    "pk": 2,
    "fields": {
      "organization": 1,
      "creation_date": "2023-01-12T21:31:49.385Z",
      "last_update": "2023-01-12T21:31:49.385Z",
      "created_by": null,
      "name": "Recolección de muestras",
      "status": "admin",
      "schema": {
        "name": "Recolección de muestras",
        "status": "admin",
        "components": []
      }
    }
  },
  {
    "model": "laboratory.inform",
    "pk": 1,
    "fields": {
      "organization": 1,
      "creation_date": "2023-01-12T21:32:20.813Z",
      "last_update": "2023-01-12T21:32:50.220Z",
      "created_by": null,
      "name": "Gestión de laboratorio",
      "custom_form": 1,
      "content_type": 1,
      "object_id": 1,
      "status": "In Review",
      "schema": {
        "name": "Gestión de laboratorio",
        "status": "admin",
        "components": []
      }
    }
  },
  {
    "model": "laboratory.inform",
    "pk": 2,
    "fields": {
      "organization": 1,
      "creation_date": "2023-01-12T21:32:20.813Z",
      "last_update": "2023-01-12T21:32:50.220Z",
      "created_by": null,
      "name": "Recolección de muestras",
      "custom_form": 2,
      "content_type": 1,
      "object_id": 2,
      "status": "In Review",
      "schema": {
        "name": "Recolección de muestras",
        "status": "admin",
        "components": []
      }
    }
  },
  {
    "model": "laboratory.commentinform",
    "pk": 1,
    "fields": {
      "creator": 1,
      "create_at": "2023-01-12T21:32:20.813Z",
      "comment": "",
      "inform": 1
    }
  },
  {
    "model": "laboratory.furniture",
    "pk": 1,
    "fields": {
      "labroom": 1,
      "name": "Mueble 1",
      "type": 75,
      "color": "#73879C",
      "dataconfig": "[[[],[2],[3],[]],[[1],[],[4],[]]]",
      "creation_date": "2023-01-31T19:33:49.008Z",
      "last_update": "2023-01-31T19:33:49.035Z"
    }
  },
  {
    "model": "laboratory.shelf",
    "pk": 1,
    "fields": {
      "furniture": 1,
      "name": "Primer Estante",
      "container_shelf": null,
      "type": 75,
      "color": "#73879C",
      "creation_date": "2023-01-10T22:48:14.125Z",
      "last_update": "2023-01-31T19:33:49.035Z"
    }
  },
  {
    "model": "laboratory.shelf",
    "pk": 2,
    "fields": {
      "furniture": 1,
      "name": "Segundo Estante",
      "container_shelf": null,
      "type": 75,
      "color": "#73879C",
      "creation_date": "2023-01-10T22:48:14.125Z",
      "last_update": "2023-01-31T19:33:49.035Z"
    }
  },
  {
    "model": "laboratory.shelf",
    "pk": 3,
    "fields": {
      "furniture": 1,
      "name": "Tercer Estante",
      "container_shelf": null,
      "type": 74,
      "color": "#73879C",
      "creation_date": "2023-01-10T22:48:14.125Z",
      "last_update": "2023-01-31T19:33:49.035Z"
    }
  },
  {
    "model": "laboratory.shelf",
    "pk": 4,
    "fields": {
      "furniture": 1,
      "name": "Cuarto Estante",
      "container_shelf": null,
      "type": 74,
      "color": "#73879C",
      "creation_date": "2023-01-10T22:48:14.125Z",
      "last_update": "2023-01-31T19:33:49.035Z"
    }
  },
  {
    "model": "reservations_management.reservations",
    "pk": 1,
    "fields": {
      "user": 1,
      "status": 0,
      "comments": null,
      "is_massive": false
    }
  },
  {
    "model": "reservations_management.reservations",
    "pk": 2,
    "fields": {
      "user": 1,
      "status": 0,
      "comments": null,
      "is_massive": false
    }
  },
  {
    "model": "laboratory.object",
    "pk": 1,
    "fields": {
      "organization": 1,
      "creation_date": "2023-01-10T22:48:14.125Z",
      "last_update": "2023-01-10T22:48:14.166Z",
      "created_by": 1,
      "code": "TA1000",
      "name": "Tanque 1000 mL",
      "synonym": null,
      "type": "0",
      "is_public": true,
      "description": "",
      "model": "",
      "serie": "",
      "plaque": "",
      "features": []
    }
  },
  {
    "model": "laboratory.objectfeatures",
    "pk": 1,
    "fields": {
      "name": "Reactivo",
      "description": "Es un reactivo en la industria química."
    }
  },
  {
    "model": "laboratory.object",
    "pk": 2,
    "fields": {
      "organization": 1,
      "creation_date": "2023-01-10T22:48:14.125Z",
      "last_update": "2023-01-10T22:48:14.166Z",
      "created_by": 1,
      "code": "CA777",
      "name": "Cal 100 gr",
      "synonym": null,
      "type": "0",
      "is_public": true,
      "description": "",
      "model": "",
      "serie": "",
      "plaque": "",
      "features": [1]
    }
  },
  {
    "model": "laboratory.shelfobject",
    "pk": 1,
    "fields": {
      "shelf": 1,
      "object": 1,
      "quantity": 23.0,
      "limit_quantity": 7.0,
      "measurement_unit": 63,
      "marked_as_discard": false,
      "creation_date": "2023-01-31T19:33:49.240Z",
      "last_update": "2023-01-31T19:33:49.272Z"
    }
  },
  {
    "model": "laboratory.shelfobject",
    "pk": 2,
    "fields": {
      "shelf": 1,
      "object": 2,
      "quantity": 23.0,
      "limit_quantity": 7.0,
      "measurement_unit": 63,
      "marked_as_discard": false,
      "creation_date": "2023-01-31T19:33:49.240Z",
      "last_update": "2023-01-31T19:33:49.272Z"
    }
  },
  {
    "model": "reservations_management.reservedproducts",
    "pk": 1,
    "fields": {
      "organization": 1,
      "creation_date": "2023-01-10T22:48:16.765Z",
      "last_update": "2023-01-10T22:48:16.817Z",
      "created_by": 1,
      "shelf_object": 1,
      "user": 1,
      "reservation": 1,
      "is_returnable": false,
      "amount_required": 445.0,
      "amount_returned": 0.0,
      "initial_date": "2020-12-19T04:59:00Z",
      "final_date": "2021-01-09T04:59:00Z",
      "status": 0,
      "laboratory": 1
    }
  },
  {
    "model": "reservations_management.reservedproducts",
    "pk": 2,
    "fields": {
      "organization": 2,
      "creation_date": "2023-01-10T22:48:16.765Z",
      "last_update": "2023-01-10T22:48:16.817Z",
      "created_by": 1,
      "shelf_object": 1,
      "user": 1,
      "reservation": 1,
      "is_returnable": false,
      "amount_required": 445.0,
      "amount_returned": 0.0,
      "initial_date": "2020-12-19T04:59:00Z",
      "final_date": "2021-01-09T04:59:00Z",
      "status": 0,
      "laboratory": 1
    }
  },
  {
    "model": "laboratory.tranferobject",
    "pk": 1,
    "fields": {
      "object": 1,
      "laboratory_send": 1,
      "laboratory_received": 2,
      "quantity": 2.0,
      "update_time": "2023-02-09T22:58:28.862Z",
      "state": true,
      "status": 0,
      "mark_as_discard": false
    }
  },
  {
    "model": "laboratory.tranferobject",
    "pk": 2,
    "fields": {
      "object": 2,
      "laboratory_send": 2,
      "laboratory_received": 1,
      "quantity": 2.0,
      "update_time": "2023-02-09T22:58:28.862Z",
      "state": true,
      "status": 0,
      "mark_as_discard": false
    }
  },
  {
    "model": "admin.logentry",
    "pk": 1,
    "fields": {
      "action_time": "2018-07-09T19:52:44.623Z",
      "user": 1,
      "content_type": 1,
      "object_id": "1",
      "object_repr": "Investigadores SA",
      "action_flag": 2,
      "change_message": "[{\"changed\": {\"fields\": [\"name\"]}}]"
    }
  },
  {
    "model": "admin.logentry",
    "pk": 2,
    "fields": {
      "action_time": "2018-07-09T19:52:44.623Z",
      "user": 1,
      "content_type": 1,
      "object_id": "1",
      "object_repr": "Investigadores SA",
      "action_flag": 2,
      "change_message": "[{\"changed\": {\"fields\": [\"name\"]}}]"
    }
  },
  {
    "model": "laboratory.informscheduler",
    "pk": 1,
    "fields": {
      "organization": 1,
      "creation_date": "2023-02-09T23:35:53.666Z",
      "last_update": "2023-02-09T23:35:53.666Z",
      "created_by": 1,
      "name": "Gestión de reactivos",
      "start_application_date": "2023-02-09",
      "close_application_date": "2023-02-09",
      "period_on_days": 365,
      "inform_template": 1,
      "active": true
    }
  },
  {
    "model": "laboratory.informscheduler",
    "pk": 2,
    "fields": {
      "organization": 1,
      "creation_date": "2023-02-09T23:35:53.666Z",
      "last_update": "2023-02-09T23:35:53.666Z",
      "created_by": 1,
      "name": "Gestión de equipo",
      "start_application_date": "2023-02-09",
      "close_application_date": "2023-02-09",
      "period_on_days": 365,
      "inform_template": 1,
      "active": true
    }
  },
  {
    "model": "sga.substance",
    "pk": 1,
    "fields": {
      "organization": 1,
      "creation_date": "2023-01-10T22:48:25.641Z",
      "last_update": "2023-01-10T22:48:25.879Z",
      "created_by": 1,
      "comercial_name": "Cal",
      "uipa_name": "",
      "brand": "",
      "synonymous": "",
      "agrochemical": false,
      "creator": 1,
      "description": null,
      "organilab_context": "laboratory",
      "components_sga": [],
      "danger_indications": [
        "H202"
      ]
    }
  },
  {
    "model": "laboratory.sustancecharacteristics",
    "pk": 1,
    "fields": {
      "obj": 1,
      "iarc": null,
      "imdg": null,
      "bioaccumulable": false,
      "molecular_formula": "NaClO",
      "cas_id_number": "7681-52-9",
      "security_sheet": "security_sheets/Hipoclorito_de_sodio_MSDS.pdf",
      "is_precursor": true,
      "precursor_type": null,
      "valid_molecular_formula": false,
      "seveso_list": false,
      "img_representation": "",
      "white_organ": [],
      "h_code": [
        "H314",
        "H400"
      ],
      "ue_code": [],
      "nfpa": [],
      "storage_class": []
    }
  },
  {
    "model": "sga.reviewsubstance",
    "pk": 1,
    "fields": {
      "substance": 1,
      "note": null,
      "is_approved": true
    }
  },
  {
    "model": "auth_and_perms.profilepermission",
    "pk": 1,
    "fields": {
      "profile": 1,
      "content_type": 1,
      "object_id": 1,
      "rol": [1, 2]
    }
  }
]